class,MTH,FLD,RFC,INT,SZ,CPX,EX,RET,BCM,NML,WRD,DCM,buggy
Base64VLQTest,6,0,4,0,1,2,1,0,1,23.666666666666668,8,0.8571428571428571,0
CharIteratorImpl,3,3,2,1,3,0,0,1,0,0.0,0,0.0,0
SourceMapTestCase,17,3,12,0,5,1,1,1,1,11.647058823529411,8,0.2608695652173913,0
RunResult,0,3,0,0,0,0,0,0,0,0.0,0,0.0,0
Token,0,3,0,0,0,0,0,0,0,0.0,0,0.0,0
Base64Test,3,0,3,0,5,1,0,0,1,12.666666666666666,8,2.0,0
SourceMapGeneratorV1Test,18,0,8,0,4,0,0,1,1,18.666666666666668,9,0.2105263157894736,0
SourceMapConsumerV1Test,16,0,7,0,31,1,1,0,0,0.0,0,0.0,0
SourceMapConsumerV2Test,8,0,7,0,20,0,1,0,0,0.0,0,0.0,0
SourceMapGeneratorV3Test,25,0,2,0,9,1,0,1,1,18.52,8,0.2307692307692307,0
SourceMapGeneratorV2Test,21,0,37,0,18,0,0,1,1,18.0,9,0.1818181818181818,0
LinkedFlowScopeTest,15,7,2,0,13,1,0,1,1,12.0,15,0.4090909090909091,0
RuntimeTypeCheckTest,24,0,0,0,2,0,0,1,1,16.5,16,0.16,0
FunctionTypeBuilderTest,9,0,11,0,1,1,0,1,1,26.88888888888889,19,0.5,0
OptimizeCallsTest,4,0,2,0,3,0,0,1,1,35.0,13,1.5,0
PeepholeSubstituteAlternateSyntaxTest,59,2,5,0,42,1,0,1,1,19.54237288135593,33,0.265625,0
StringCompareTestCase,2,0,14,0,13,0,0,1,0,0.0,0,0.0,0
MemoizedScopeCreatorTest,2,0,5,0,3,0,1,0,1,18.0,20,15.0,0
SimpleFunctionAliasAnalysisTest,7,2,2,0,27,0,0,1,1,21.857142857142858,27,1.0,0
FunctionFinder,1,2,4,0,0,1,0,0,1,5.0,9,2.5,0
NameAnonymousFunctionsTest,15,1,2,0,3,0,0,1,1,25.933333333333334,26,0.2941176470588235,0
CompilerOptionsTest,2,0,3,0,8,0,0,0,1,13.5,15,5.0,0
FunctionArgumentInjectorTest,45,1,3,0,4,2,0,1,1,29.844444444444445,8,0.1956521739130435,0
ControlStructureCheckTest,24,4,7,0,3,0,0,1,1,20.166666666666668,12,0.2142857142857142,0
PeepholeIntegrationTest,42,1,2,0,14,0,0,1,1,20.83333333333333,11,0.1777777777777777,0
ObjectPropertyStringPreprocessTest,9,0,2,0,1,0,0,1,1,18.33333333333333,30,0.4444444444444444,0
AliasStringsTest,16,5,3,0,9,1,0,1,1,17.5,12,0.1818181818181818,0
SpecializeModuleTest,14,4,3,0,2,0,0,1,1,35.0,16,0.5,0
SpecializeModuleSpecializationStateTest,5,2,2,0,8,0,0,1,1,17.6,19,0.625,0
FunctionFinder,1,2,4,0,0,1,0,0,1,5.0,9,2.5,0
JsMessageExtractorTest,13,0,21,0,7,0,1,1,1,21.692307692307693,18,0.3846153846153846,0
NameAnalyzerTest,336,1,0,0,2,0,0,1,1,22.05952380952381,12,0.0117994100294985,0
MarkNoSideEffectCallsAndNameAnalyzerRunner,1,2,3,1,2,0,0,0,0,0.0,0,0.0,0
TypeValidatorTest,9,1,4,0,2,0,0,1,1,15.88888888888889,13,0.8181818181818182,0
SideEffectsAnalysisTest,17,5,2,0,16,1,0,1,1,21.823529411764707,19,0.4347826086956521,0
LabeledStatementSearcher,1,2,6,0,0,1,0,0,1,5.0,9,5.5,0
MoveFunctionDeclarationsTest,5,0,3,0,2,0,0,1,1,25.0,24,0.8,0
AliasExternalsTest,28,5,2,0,8,0,1,1,1,22.607142857142858,14,0.1176470588235294,0
XtbMessageBundleTest,1,2,17,0,8,0,0,0,1,4.0,16,1.0,0
CheckGlobalNamesTest,47,4,2,0,3,1,0,0,1,26.74468085106383,16,0.2115384615384615,0
NodeTraversalTest,7,0,3,0,9,0,1,1,1,20.0,13,0.4444444444444444,0
PruningCallback,1,0,1,0,0,0,0,0,1,5.0,31,5.0,0
ExpectNodeOnEnterScope,6,3,1,1,3,0,0,1,0,0.0,0,0.0,0
CombinedCompilerPassTest,6,1,14,0,12,2,0,1,1,15.5,0,0.0,0
ConcatTraversal,6,3,0,1,2,0,0,1,1,10.666666666666666,12,2.4444444444444446,0
TestHelper,2,3,8,0,2,0,0,1,1,12.0,10,3.333333333333333,0
ScopeRecordingCallback,6,2,1,1,1,0,0,1,1,10.0,11,2.25,0
FunctionRewriterTest,20,5,1,0,2,1,0,1,1,19.4,16,0.16,0
ExtractPrototypeMemberDeclarationsTest,20,2,1,0,5,2,0,1,1,24.5,34,0.1818181818181818,0
DeadAssignmentsEliminationTest,52,0,5,0,18,0,0,1,1,18.942307692307693,26,0.0754716981132075,0
StatementFusionTest,15,0,1,0,5,0,0,1,1,16.266666666666666,15,0.3333333333333333,0
RenamePropertiesTest,44,5,1,0,7,0,0,1,1,31.477272727272727,16,0.06,0
ProcessClosurePrimitivesTest,83,5,2,0,10,1,0,1,1,24.879518072289155,24,0.0449438202247191,0
CallGraphTest,44,4,1,0,27,1,1,1,1,32.09090909090909,9,0.1875,0
PeepholeRemoveDeadCodeTest,83,1,5,0,34,0,0,1,1,17.6144578313253,26,0.188235294117647,0
CheckUnreachableCodeTest,22,0,1,0,8,0,0,1,1,21.59090909090909,20,0.1818181818181818,0
FunctionInjectorTest,143,5,4,0,11,2,0,1,1,30.524475524475523,8,0.06,0
TestCallback,2,3,12,1,0,2,0,1,0,0.0,0,0.0,0
RhinoErrorReporterTest,7,1,6,0,6,1,0,1,1,14.857142857142858,10,1.375,0
GroupVariableDeclarationsTest,9,0,0,0,13,0,0,1,0,0.0,0,0.0,0
InlineObjectLiteralsTest,35,2,1,0,10,0,0,1,1,11.885714285714286,10,0.4473684210526316,0
CheckPathsBetweenNodesTest,15,3,2,0,17,0,0,1,1,13.333333333333334,22,0.2,0
PrefixPredicate,1,1,2,1,0,0,0,1,1,5.0,9,2.6666666666666665,0
CountingPredicate,1,2,2,1,1,0,0,1,0,0.0,0,0.0,0
NormalizeTest,38,1,2,0,18,1,0,1,1,18.73684210526316,8,0.1463414634146341,0
WithCollapse,3,0,2,0,7,0,0,1,0,0.0,0,0.0,0
CodePrinterTest,88,1,23,0,124,1,0,1,0,0.0,0,0.0,0
CheckGlobalThisTest,50,0,3,0,2,0,0,1,1,16.46,15,0.0588235294117647,0
PeepholeFoldConstantsTest,72,2,16,0,80,1,0,1,1,18.01388888888889,23,0.2368421052631578,0
ExpressionDecomposerTest,47,0,3,0,12,1,0,1,1,20.382978723404257,20,0.2127659574468085,0
Find,1,1,7,0,0,2,0,1,0,0.0,0,0.0,0
ClosureCodingConventionTest,33,1,2,0,22,0,0,1,1,22.12121212121212,22,0.1470588235294117,0
CreateSyntheticBlocksTest,16,2,2,0,2,0,0,1,1,16.875,21,0.2105263157894736,0
RenameVarsTest,50,10,3,0,8,1,0,1,1,26.32,10,0.0655737704918032,0
ClosurePassAndRenameVars,1,1,4,1,3,0,0,0,0,0.0,0,0.0,0
SyntacticScopeCreatorTest,9,0,8,0,8,0,0,1,1,17.22222222222222,21,0.4444444444444444,0
ClosureCodeRemovalTest,11,1,0,0,1,0,0,1,1,22.818181818181817,18,0.7692307692307693,0
PhaseOptimizerTest,21,4,2,0,13,1,1,1,1,13.333333333333334,14,0.4,0
SanityCheckTest,6,1,14,0,2,0,1,1,1,17.333333333333332,10,0.75,0
CheckSideEffectsTest,10,2,2,0,18,0,0,1,0,0.0,0,0.0,0
ExpandJqueryAliasesTest,4,4,13,0,12,0,0,1,1,23.5,19,0.4444444444444444,0
ProcessTweaksTest,38,2,5,0,5,0,0,1,1,22.36842105263158,7,0.1463414634146341,0
CommandLineRunnerTest,126,12,2,0,11,2,1,1,1,20.214285714285715,17,0.0719424460431654,0
ClosureRewriteClassTest,16,0,4,0,8,0,0,1,1,12.625,23,0.625,0
AstParallelizerTest,10,1,19,0,5,2,0,0,1,21.6,15,0.4545454545454545,0
FixedPointGraphTraversalTest,10,5,9,0,18,0,1,0,1,9.6,24,0.5294117647058824,0
Counter,0,1,0,0,0,0,0,0,0,0.0,0,0.0,0
CounterIncrementer,1,0,1,1,1,0,0,1,0,0.0,0,0.0,0
InlineVariablesConstantsTest,12,1,3,0,11,0,0,1,1,29.916666666666668,24,1.2142857142857142,0
VariableMapTest,9,0,2,0,8,1,0,0,1,14.11111111111111,11,0.4444444444444444,0
BasicErrorManagerTest,12,5,6,0,2,0,0,1,1,17.666666666666668,17,0.1764705882352941,0
CollapseVariableDeclarationsTest,7,0,0,0,6,0,0,1,1,19.142857142857142,11,0.7142857142857143,0
InlineVariablesTest,137,2,2,0,10,0,0,1,1,23.67153284671533,10,0.1428571428571428,0
RemoveTryCatchTest,9,0,2,0,3,0,0,1,0,0.0,0,0.0,0
SourceMapTest,9,1,0,0,4,1,0,1,1,18.22222222222222,8,0.5454545454545454,0
InlinePropertiesTest,14,1,2,0,1,0,0,1,1,21.642857142857142,8,0.375,0
SymbolTableTest,58,2,27,0,13,1,0,1,1,23.43103448275862,10,0.1,0
ExploitAssignsTest,9,0,0,0,30,0,0,1,1,19.444444444444443,14,1.8888888888888888,0
AliasKeywordsTest,13,4,2,0,10,1,1,1,1,17.923076923076923,13,0.2352941176470588,0
CheckMissingReturnTest,13,0,1,0,16,0,0,1,1,15.538461538461538,18,0.2857142857142857,0
NameAnonymousFunctionsMappedTest,19,3,3,0,6,1,0,1,1,23.0,28,0.217391304347826,0
CheckRequiresForConstructorsTest,25,0,2,0,5,1,0,1,1,31.04,28,0.16,0
GlobalVarReferenceMapTest,6,22,15,0,20,3,0,0,1,38.16666666666666,21,0.4285714285714285,0
TypeCheckTest,1178,1,0,0,19,4,0,1,1,19.46434634974533,9,0.0025423728813559,0
TypeCheckResult,0,2,0,0,0,0,0,0,0,0.0,0,0.0,0
CheckProvidesTest,11,0,3,0,2,0,0,1,1,26.818181818181817,13,0.3636363636363636,0
CoalesceVariableNamesTest,34,1,1,0,13,1,0,1,1,15.470588235294118,21,0.1428571428571428,0
ExportTestFunctionsTest,7,2,6,0,7,0,0,1,1,22.714285714285715,19,0.3,0
ProcessCommonJSModulesTest,10,0,18,0,8,1,0,1,1,14.6,22,0.4545454545454545,0
IntegrationTestCase,15,4,0,0,4,2,0,1,1,8.0,10,0.6842105263157895,0
LooseTypeCheckTest,805,0,0,0,19,4,0,1,1,19.33043478260869,13,0.0384615384615384,0
TypeCheckResult,0,2,0,0,0,0,0,0,0,0.0,0,0.0,0
InlineCostEstimatorTest,5,0,5,0,13,0,0,1,1,6.8,19,2.2,0
MakeDeclaredNamesUniqueTest,21,4,2,0,10,1,0,1,1,22.428571428571427,8,0.24,0
PeepholeSimplifyRegExpTest,16,0,2,0,41,0,0,1,0,0.0,0,0.0,0
ReplaceStringsTest,35,4,8,0,5,1,0,1,1,18.057142857142857,14,0.1,0
ReplaceIdGeneratorsTest,22,3,2,0,4,0,0,1,1,17.772727272727273,19,0.16,0
ConstCheckTest,31,0,1,0,1,0,0,1,1,27.387096774193548,10,0.09375,0
ShadowVariablesTest,23,1,2,0,4,0,0,1,1,20.43478260869565,15,0.2083333333333333,0
NodeIteratorsTest,19,0,27,0,2,3,0,0,1,20.26315789473684,13,0.4736842105263157,0
GenerateExportsTest,14,1,2,0,2,0,0,1,1,17.714285714285715,8,0.25,0
CheckSuspiciousCodeTest,9,0,9,0,19,0,0,1,1,13.77777777777778,19,0.3,0
GlobalNamespaceTest,3,0,1,0,9,0,0,1,1,20.33333333333333,15,3.333333333333333,0
CompilerTestCase,59,17,7,0,5,3,1,1,1,11.559322033898304,13,0.8,0
BlackHoleErrorManager,2,0,1,0,0,0,0,0,0,0.0,0,0.0,0
SimpleDefinitionFinderTest,16,1,0,0,9,0,0,1,1,18.625,22,0.2222222222222222,0
SimpleDefinitionEnumerator,2,2,20,1,3,1,0,0,1,6.0,22,1.6,0
CrossModuleMethodMotionTest,26,3,3,0,5,0,0,1,1,22.07692307692308,23,0.3333333333333333,0
GoogleCodingConventionTest,19,1,2,0,15,0,0,1,1,22.73684210526316,22,0.25,0
IgnoreCajaPropertiesTest,8,1,1,0,3,0,0,1,1,13.875,20,0.3,0
CompilerTest,8,0,4,0,9,0,0,1,1,26.875,8,0.75,0
LightweightMessageFormatterTest,16,1,0,0,1,0,0,1,0,0.0,0,0.0,0
ObjectPropertyStringPostprocessTest,6,0,1,0,1,0,0,1,1,12.833333333333334,31,0.6666666666666666,0
MustBeReachingVariableDefTest,23,4,12,0,10,0,0,0,1,20.26086956521739,25,0.1428571428571428,0
LabelFinder,1,0,10,0,0,1,0,0,1,5.0,5,13.0,0
AmbiguatePropertiesTest,43,2,2,0,6,1,0,1,1,21.48837209302325,19,0.1304347826086956,0
PeepholeFoldWithTypesTest,10,0,3,0,3,0,0,1,1,21.7,17,1.0,0
ReplaceMessagesForChromeTest,9,1,2,0,2,0,0,1,1,23.444444444444443,9,0.7,0
ChainCallsTest,8,0,3,0,2,0,0,1,1,20.0,10,0.5,0
MinimizeExitPointsTest,12,0,2,0,20,0,0,1,1,18.666666666666668,8,0.5,0
CrossModuleCodeMotionTest,42,1,11,0,7,0,0,1,1,18.23809523809524,21,0.0909090909090909,0
TightenTypesTest,57,1,4,0,10,0,0,1,1,18.05263157894737,12,0.1016949152542373,0
SourceInformationAnnotatorTest,2,0,7,0,4,0,0,1,1,18.5,8,3.0,0
InlineSimpleMethodsTest,38,0,4,0,3,0,0,1,0,0.0,0,0.0,0
CheckAccessControlsTest,89,0,3,0,2,0,0,1,1,29.39325842696629,19,0.1111111111111111,0
PrepareAstTest,4,0,11,0,5,0,0,1,1,15.0,10,1.8,0
ExternExportsPassTest,27,1,8,0,4,1,0,1,1,27.14814814814815,17,0.1428571428571428,0
CollapsePropertiesTest,231,3,11,0,4,0,0,1,1,30.58008658008658,18,0.0170212765957446,0
PeepholeOptimizationsPassTest,10,1,3,0,7,0,0,1,1,24.6,25,0.2666666666666666,0
RemoveNodesNamedXUnderVarOptimization,1,0,9,0,0,1,0,1,1,15.0,12,19.0,0
RemoveNodesNamedXOptimization,1,0,7,0,0,1,0,1,1,15.0,12,17.0,0
RemoveParentVarsForNodesNamedX,1,0,9,0,0,1,0,1,1,15.0,12,25.0,0
RenameYToX,1,0,8,0,0,1,0,1,1,15.0,12,22.0,0
PeepholeCollectPropertyAssignmentsTest,35,0,2,0,4,0,0,1,0,0.0,0,0.0,0
VariableReferenceCheckTest,33,2,1,0,5,1,0,1,1,20.484848484848484,22,0.4,0
RecordFunctionInformationTest,11,0,2,0,7,0,0,1,1,9.181818181818182,25,0.3636363636363636,0
JsMessageVisitorTest,48,3,2,0,9,0,0,0,1,27.979166666666668,16,0.1886792452830188,0
CollectMessages,1,0,1,0,1,0,0,0,0,0.0,0,0.0,0
DummyJsVisitor,1,0,0,0,0,0,0,0,0,0.0,0,0.0,0
CleanupPassesTest,2,2,4,0,1,0,0,0,1,19.5,7,1.5,0
ConvertToDottedPropertiesTest,5,0,3,0,17,0,0,1,1,13.0,25,0.8,0
UnreachableCodeEliminationTest,27,1,2,0,12,0,0,1,1,23.62962962962963,26,0.1428571428571428,0
TypedScopeCreatorTest,121,4,1,0,14,1,0,1,1,21.98347107438017,17,0.176,0
CheckMissingGetCssNameTest,9,0,1,0,4,0,0,1,1,22.666666666666668,12,0.6666666666666666,0
RescopeGlobalSymbolsTest,9,1,10,0,9,0,0,1,1,14.555555555555555,20,0.4166666666666667,0
StringCompare,2,0,3,0,2,0,0,1,0,0.0,0,0.0,0
JSCompilerSourceExcerptProviderTest,9,1,20,0,7,1,0,0,1,22.77777777777778,0,0.0,0
FunctionToBlockMutatorTest,22,0,3,0,6,2,0,1,1,26.363636363636363,8,0.25,0
TestCallback,2,3,8,1,0,2,0,1,0,0.0,0,0.0,0
InstrumentFunctionsTest,17,1,2,0,9,1,0,1,1,13.294117647058824,19,0.2,0
NameAndInstrumentFunctions,1,1,3,1,2,0,0,0,0,0.0,0,0.0,0
RemoveUnusedClassPropertiesTest,15,1,2,0,6,0,0,1,1,12.066666666666666,8,0.3529411764705882,0
DisambiguatePropertiesTest,69,2,12,0,3,1,0,1,1,19.55072463768116,22,0.0972222222222222,0
TypeCheckFunctionCheckTest,21,1,2,0,9,0,0,1,1,20.19047619047619,10,0.6521739130434783,0
ClosureReverseAbstractInterpreterTest,35,0,19,0,5,0,0,0,0,0.0,0,0.0,0
RemoveUnusedNamesTest,10,2,1,0,1,0,0,1,1,25.7,31,0.7692307692307693,0
PeepholeReplaceKnownMethodsTest,19,1,1,0,40,0,0,1,1,16.0,27,0.2857142857142857,0
ReplaceMessagesTest,38,3,2,0,3,0,0,1,1,29.36842105263158,9,0.1666666666666666,0
SimpleMessageBundle,3,0,1,1,0,0,0,1,0,0.0,0,0.0,0
CollapseAnonymousFunctionsTest,20,0,2,0,1,0,0,1,1,20.3,26,0.1904761904761904,0
JSModuleGraphTest,22,8,5,0,21,2,0,1,1,19.272727272727277,13,0.1333333333333333,0
DevirtualizePrototypeMethodsTest,50,2,0,0,3,0,0,1,1,25.5,28,0.064516129032258,0
RewritePrototypeMethodTestInput,0,4,0,0,0,0,0,0,1,0.0,9,1.0,0
NoRewriteDeclarationUsedAsRValue,0,2,0,0,0,0,0,0,1,0.0,11,3.0,0
NoRewriteIfNotInGlobalScopeTestInput,0,1,0,0,0,0,0,0,1,0.0,8,3.5,0
NoRewriteMultipleDefinitionTestInput,0,5,0,0,0,0,0,0,1,0.0,10,0.8333333333333334,0
NoRewritePrototypeObjectLiteralsTestInput,0,3,0,0,0,0,0,0,1,0.0,7,1.25,0
NoRewriteNonCallReferenceTestInput,0,1,0,0,0,0,0,0,1,0.0,12,2.5,0
NoRewriteNestedFunctionTestInput,0,5,0,0,0,0,0,0,1,0.0,10,0.8333333333333334,0
ModuleTestInput,0,4,0,0,0,0,0,0,0,0.0,0,0.0,0
TypeInformationGatherer,2,3,11,1,3,1,0,0,1,10.0,11,3.571428571428572,0
GatherCallback,1,0,30,0,0,3,0,0,0,0.0,0,0.0,0
AstValidatorTest,15,1,2,0,6,1,0,1,1,13.666666666666666,8,0.3529411764705882,0
DefaultCodingConventionTest,21,1,2,0,15,0,0,1,1,22.23809523809524,16,0.3181818181818182,0
RemoveUnusedPrototypePropertiesTest,32,3,2,0,10,0,0,1,1,22.78125,31,0.2777777777777778,0
TypeInferenceTest,129,6,1,0,15,4,0,1,1,13.767441860465116,13,0.0220588235294117,0
NodeUtilTest,82,0,5,0,64,4,0,1,1,19.65853658536585,8,0.0365853658536585,0
IntegrationTest,170,2,1,0,16,2,1,1,1,22.08235294117647,11,0.0581395348837209,0
InferJSDocInfoTest,11,2,11,0,6,1,0,1,1,15.727272727272728,14,0.7692307692307693,0
VariableVisibilityAnalysisTest,15,2,2,0,4,0,0,1,1,17.333333333333332,26,0.5555555555555556,0
LabeledVariableSearcher,1,2,6,0,0,1,0,0,1,5.0,9,5.0,0
FlowSensitiveInlineVariablesTest,79,1,1,0,7,0,0,1,1,23.11392405063291,28,0.0617283950617283,0
GatherSideEffectSubexpressionsCallbackTest,13,0,6,0,7,1,1,1,1,26.384615384615383,38,0.3076923076923077,0
CheckRegExpTest,3,1,18,0,17,0,0,1,1,11.666666666666666,8,1.2,0
RenameLabelsTest,4,0,2,0,10,0,0,1,1,16.25,12,1.0,0
MaybeReachingVariableUseTest,14,3,13,0,10,0,0,0,1,13.857142857142858,24,0.2222222222222222,0
LabelFinder,1,0,11,0,0,1,0,0,1,5.0,5,13.0,0
ConcreteTypeTest,12,3,3,0,15,1,0,1,1,12.5,12,0.4444444444444444,0
FakeFactory,7,4,7,1,3,2,0,1,0,0.0,0,0.0,0
FakeScope,5,2,1,0,1,1,0,1,0,0.0,0,0.0,0
FakeSlot,5,1,1,1,0,0,0,1,0,0.0,0,0.0,0
VarCheckTest,52,5,23,0,7,1,1,1,0,0.0,0,0.0,0
VariableTestCheck,1,1,11,1,1,0,0,0,0,0.0,0,0.0,0
DiagnosticGroupTest,1,0,3,0,1,0,0,0,1,16.0,15,9.0,0
RenamePrototypesTest,16,3,4,0,9,0,0,1,0,0.0,0,0.0,0
DataFlowAnalysisTest,13,0,4,0,29,3,1,1,1,28.23076923076923,21,1.625,0
Value,2,0,0,0,0,0,0,1,1,9.0,6,1.5,0
Variable,4,1,1,0,0,1,0,1,1,7.25,8,0.3333333333333333,0
Number,3,1,1,0,0,0,0,1,1,8.0,8,0.6,0
Instruction,2,1,0,0,0,0,0,1,1,10.0,11,2.0,0
ArithmeticInstruction,10,4,3,0,5,0,0,1,1,10.0,11,0.8333333333333334,0
BranchInstruction,2,1,0,0,1,0,0,1,1,12.0,11,2.5,0
ConstPropLatticeElement,2,2,2,1,2,2,0,1,1,7.0,10,12.571428571428571,0
ConstPropJoinOp,1,0,7,0,0,3,0,1,0,0.0,0,0.0,0
DummyConstPropagation,4,0,0,0,0,1,0,1,1,16.5,11,1.0,0
BranchedDummyConstPropagation,4,0,0,0,0,1,0,1,1,19.0,11,1.0,0
CompilerTypeTestCase,3,4,4,0,5,0,0,1,0,0.0,0,0.0,0
PureFunctionIdentifierTest,114,4,0,0,13,1,0,1,1,23.640350877192983,22,0.0333333333333333,0
NoSideEffectCallEnumerator,3,1,19,1,5,1,0,0,1,10.0,22,3.2,0
DenormalizeTest,5,0,4,0,8,0,0,1,1,14.2,8,1.0,0
NormalizeAndDenormalizePass,1,3,3,1,2,0,0,0,1,7.0,16,8.2,0
RenameLocalVarsTest,13,2,2,0,3,0,0,1,1,20.846153846153847,14,0.4,0
DotFormatterTest,5,0,3,0,6,0,1,0,0,0.0,0,0.0,0
StripCodeTest,53,1,2,0,10,0,0,1,1,27.943396226415093,9,0.0727272727272727,0
ControlFlowAnalysisTest,57,0,20,0,9,1,1,1,1,16.771929824561404,19,0.0526315789473684,0
RemoveUnusedVarsTest,85,3,2,0,21,0,0,1,0,0.0,0,0.0,0
GatherRawExportsTest,20,2,5,0,2,0,0,1,1,17.35,16,0.4347826086956521,0
MarkNoSideEffectCallsTest,23,2,0,0,8,0,0,1,1,18.30434782608696,21,0.1481481481481481,0
NoSideEffectCallEnumerator,2,2,11,1,3,1,0,0,1,6.0,21,3.2,0
ReplaceCssNamesTest,21,6,5,0,13,0,0,1,1,25.19047619047619,15,0.1428571428571428,0
ReorderConstantExpressionTest,8,0,7,0,15,0,0,1,1,12.5,25,0.5,0
FunctionNamesTest,2,1,26,0,19,1,0,1,1,18.0,13,1.0,0
OptimizeArgumentsArrayTest,20,0,2,0,3,0,0,1,1,30.25,22,0.238095238095238,0
StrictModeCheckTest,40,3,0,0,14,0,0,1,0,0.0,0,0.0,0
CheckDebuggerStatementTest,8,1,2,0,3,1,0,1,1,24.25,26,1.6666666666666667,0
OptimizeReturnsTest,26,1,4,0,7,0,0,1,1,20.807692307692307,15,0.2857142857142857,0
ScopedAliasesTest,57,4,0,0,10,0,1,1,1,18.05263157894737,13,0.1538461538461538,0
TransformationHandlerSpy,1,2,7,1,2,1,0,1,0,0.0,0,0.0,0
AliasSpy,1,1,2,1,1,0,0,0,0,0.0,0,0.0,0
TypeVerifyingPass,3,2,18,1,1,1,0,1,0,0.0,0,0.0,0
InlineFunctionsTest,231,7,2,0,6,1,0,1,1,25.5021645021645,8,0.0375,0
StringCompare,3,1,2,0,3,0,0,1,0,0.0,0,0.0,0
JsMessageTest,3,0,5,0,5,0,0,0,1,15.0,7,2.0,0
JSModuleTest,5,5,26,0,15,1,0,0,1,14.0,8,0.4,0
ClosureOptimizePrimitivesTest,8,0,2,0,1,0,0,1,1,18.625,25,1.25,0
LiveVariableAnalysisTest,30,1,12,0,19,2,0,1,1,16.066666666666666,21,0.7096774193548387,0
TransformAMDToCJSModuleTest,11,0,1,0,9,0,0,1,1,15.545454545454543,23,0.4545454545454545,0
OptimizeParametersTest,58,0,2,0,12,0,0,1,1,28.120689655172413,18,0.0689655172413793,0
ProcessDefinesTest,44,2,2,0,4,0,0,1,1,20.84090909090909,10,0.125,0
ProcessDefinesWithInjectedNamespace,1,1,3,1,2,0,0,0,0,0.0,0,0.0,0
SemanticReverseAbstractInterpreterTest,39,3,3,0,3,2,0,1,0,0.0,0,0.0,0
TypedName,0,2,0,0,0,0,0,0,0,0.0,0,0.0,0
DefinitionsRemoverTest,6,0,3,0,4,0,0,1,1,20.33333333333333,18,3.2857142857142856,0
DefinitionsGatherer,1,1,3,0,0,1,0,0,1,5.0,10,2.5,0
JsonMLConversionTest,40,0,8,0,45,0,0,1,1,12.675,7,0.375,0
SecureCompilerTest,5,2,3,0,4,0,0,0,1,13.6,11,1.5714285714285714,0
JsonMLValidationTest,42,0,4,0,6,1,0,0,1,22.047619047619047,10,0.2857142857142857,0
GraphTest,18,0,5,0,38,2,1,0,1,20.33333333333333,9,0.3333333333333333,0
GraphPrunerTest,5,0,21,0,12,0,0,0,1,23.4,10,1.2,0
GraphReachabilityTest,3,2,4,0,37,0,0,0,1,14.333333333333334,17,0.8,0
GraphColoringTest,8,0,12,0,19,2,0,0,1,17.25,13,0.5,0
StandardUnionFindTest,16,1,1,0,15,0,1,0,1,14.8125,17,0.4705882352941176,0
CompileEachLineOfProgramOutput,3,2,2,0,2,3,1,1,0,0.0,0,0.0,0
CharRangesTest,7,1,33,0,19,1,4,0,0,0.0,0,0.0,0
JsFunctionParserTest,6,4,10,0,14,0,0,0,1,14.666666666666666,16,1.7,0
SortedDependenciesTest,9,0,1,0,7,0,1,1,1,10.444444444444445,18,1.1111111111111112,0
JsFileParserTest,11,4,5,0,3,0,0,0,1,14.727272727272728,12,0.6666666666666666,0
DepsFileParserTest,6,4,5,0,3,0,0,0,1,13.5,14,1.0,0
JsFileLineParserTest,12,2,3,0,2,0,0,0,1,13.166666666666666,16,0.6666666666666666,0
TestParser,2,1,2,0,1,0,0,1,0,0.0,0,0.0,0
JsDocInfoParserTest,421,3,2,0,11,2,0,1,0,0.0,0,0.0,0
IRFactoryTest,64,6,6,0,16,1,0,1,1,16.578125,9,0.0428571428571428,0
ParserTest,111,7,7,0,46,1,1,1,0,0.0,0,0.0,0
ParserResult,0,2,0,0,0,0,0,0,0,0.0,0,0.0,0
JsDocTokenStreamTest,22,0,5,0,11,1,0,0,1,22.454545454545453,16,0.1818181818181818,0
JSDocInfoTest,30,2,1,0,29,0,3,1,0,0.0,0,0.0,0
IRTest,15,0,2,0,3,0,1,0,1,10.866666666666667,8,0.4,0
NodeTest,39,0,0,0,19,0,0,1,0,0.0,0,0.0,0
TernaryValueTest,7,0,7,0,9,0,0,0,1,9.0,12,5.571428571428571,0
JSTypeRegistryTest,11,0,1,0,15,1,0,0,1,22.545454545454547,14,0.2727272727272727,0
BooleanLiteralSetTest,4,0,17,0,16,0,0,0,1,11.0,17,0.75,0
UnionTypeBuilderTest,9,0,5,0,8,1,0,1,1,16.22222222222222,16,1.1111111111111112,0
JSTypeTest,163,22,1,0,211,2,1,1,0,0.0,0,0.0,0
RecordTypeTest,7,0,19,0,5,0,0,0,0,0.0,0,0.0,0
UnionTypeTest,22,1,4,0,25,0,0,0,0,0.0,0,0.0,0
FunctionParamBuilderTest,1,0,27,0,8,0,0,0,1,9.0,20,9.0,0
PrototypeObjectTypeTest,1,0,10,0,5,0,0,0,0,0.0,0,0.0,0
ParameterizedTypeTest,8,0,7,0,11,0,0,1,0,0.0,0,0.0,0
NamedTypeTest,2,0,7,0,3,0,0,0,1,23.5,10,3.0,0
FunctionTypeTest,25,0,7,0,7,0,1,0,1,26.36,13,0.36,0
EnumElementTypeTest,2,0,18,0,6,0,0,0,1,13.5,16,4.5,0
Mapping,2,5,1,0,0,0,0,1,0,0.0,0,0.0,0
LineMapping,31,11,0,1,3,4,0,1,0,0.0,0,0.0,0
Builder,32,5,2,1,6,4,0,1,0,0.0,0,0.0,0
OriginalMapping,34,13,0,1,4,5,0,1,0,0.0,0,0.0,0
Builder,33,5,1,1,9,5,0,1,0,0.0,0,0.0,0
FunctionInfo,2,7,1,0,0,0,0,1,0,0.0,0,0.0,0
FunctionInformationMap,34,8,0,1,3,3,0,1,0,0.0,0,0.0,0
Entry,42,19,0,1,7,8,0,1,0,0.0,0,0.0,0
Builder,47,8,1,1,15,8,0,1,0,0.0,0,0.0,0
Module,30,9,0,1,3,3,0,1,0,0.0,0,0.0,0
Builder,25,3,1,1,5,3,0,1,0,0.0,0,0.0,0
Builder,55,5,2,1,1,3,0,1,0,0.0,0,0.0,0
Instrumentation,42,17,0,1,6,6,0,1,0,0.0,0,0.0,0
Builder,53,7,1,1,13,7,0,1,0,0.0,0,0.0,0
InstrumentationTemplate,2,3,1,0,0,0,0,1,0,0.0,0,0.0,0
SourceMapGeneratorFactory,2,0,1,0,0,1,0,1,1,11.0,8,3.0,0
Util,4,1,9,0,2,1,1,1,1,18.0,8,1.2,0
Base64,3,2,3,0,1,1,0,1,1,11.0,8,2.0,0
SourceMapConsumerV1,8,5,3,1,5,4,1,1,1,13.75,12,0.9411764705882352,0
ParseState,4,2,0,0,1,2,0,1,1,9.0,9,2.4285714285714284,0
FileName,0,2,0,0,0,0,0,0,0,0.0,0,0.0,0
LineFragment,2,2,1,0,1,1,0,1,1,9.5,12,9.2,0
SourceFile,4,7,0,0,0,1,0,1,1,12.5,8,2.142857142857143,1
Builder,8,7,0,0,1,0,0,1,1,10.625,10,0.4666666666666667,0
SourceMapLineDecoder,6,0,0,0,2,3,0,1,1,13.833333333333334,9,2.333333333333333,0
LineEntry,0,2,0,0,0,0,0,0,1,0.0,8,3.6666666666666665,0
StringParser,3,2,1,0,0,0,0,1,1,5.0,11,1.8333333333333333,0
SourceMapSection,7,4,1,0,0,0,0,1,1,10.0,12,0.9285714285714286,0
SourceMapGeneratorV1,9,5,1,1,9,3,0,1,1,11.77777777777778,11,0.75,0
Mapping,0,7,0,0,0,0,0,0,1,0.0,9,2.7142857142857144,0
MappingWriter,2,4,1,0,8,3,0,0,0,0.0,0,0.0,0
LineMapper,5,5,2,1,3,2,0,0,0,0.0,0,0.0,0
UsedMappingCheck,1,0,1,1,0,1,0,0,1,5.0,7,6.0,0
MappingTraversal,7,2,4,0,5,2,0,1,1,11.428571428571429,8,2.3,0
SourceMapGeneratorV2,18,10,1,1,25,3,0,1,1,12.38888888888889,11,0.4285714285714285,0
Mapping,0,7,0,0,0,0,0,0,1,0.0,9,2.7142857142857144,0
MappingWriter,2,2,1,0,7,2,0,0,0,0.0,0,0.0,0
LineMapper,5,2,5,1,3,2,0,0,0,0.0,0,0.0,0
LineMapEncoder,4,0,5,0,2,3,0,1,0,0.0,0,0.0,0
UsedMappingCheck,1,0,1,1,0,1,0,0,1,5.0,7,6.0,0
MappingTraversal,7,2,4,0,5,2,0,1,1,11.428571428571429,8,2.3,0
SourceMapGeneratorV3,20,9,3,1,18,3,0,1,1,12.55,11,0.6,0
ConsumerEntryVisitor,1,0,2,1,1,0,0,0,0,0.0,0,0.0,0
Mapping,0,7,0,0,0,0,0,0,1,0.0,9,2.7142857142857144,0
UsedMappingCheck,1,0,1,1,0,1,0,0,1,5.0,7,6.0,0
MappingTraversal,7,2,4,0,5,2,0,1,1,11.428571428571429,8,2.3,0
LineMapper,5,7,2,1,3,3,0,0,0,0.0,0,0.0,0
SourceMapConsumerFactory,2,0,7,0,0,1,0,1,1,5.0,8,4.333333333333333,0
FilePosition,2,2,1,0,0,0,0,1,1,8.0,10,1.4,0
SourceMapConsumerV2,4,3,14,1,5,4,1,1,1,10.0,9,3.5,0
SourceMapParseException,0,0,0,0,0,0,0,0,1,0.0,11,10.0,0
SourceMapConsumerV3,15,6,14,1,6,3,1,1,1,13.133333333333333,10,1.0333333333333334,1
DefaultSourceMapSupplier,1,0,1,1,0,0,0,1,0,0.0,0,0.0,0
MappingBuilder,6,8,1,0,3,1,0,1,0,0.0,0,0.0,0
StringCharIterator,3,3,1,1,0,0,0,1,1,5.0,14,2.2857142857142856,0
UnmappedEntry,5,1,1,1,0,0,0,1,1,14.0,10,2.857142857142857,0
UnnamedEntry,4,3,1,0,0,0,0,1,1,13.0,10,2.375,0
NamedEntry,1,1,1,0,0,0,0,1,1,9.0,10,8.333333333333334,0
Base64VLQ,4,4,4,0,1,1,0,1,1,9.0,12,5.5,0
PeepholeSimplifyRegExp,1,0,29,0,0,1,0,1,1,15.0,10,12.0,0
MinimizeExitPoints,6,1,6,1,2,7,0,1,1,13.833333333333334,9,2.625,1
RenameLabels,1,3,2,1,1,0,0,0,1,7.0,14,21.5,1
DefaultNameSupplier,1,1,2,1,0,0,0,1,0,0.0,0,0.0,0
ProcessLabels,8,2,2,1,2,1,0,1,1,11.5,8,0.7272727272727273,0
LabelInfo,0,2,0,0,0,0,0,0,0,0.0,0,0.0,0
LabelNamespace,0,1,0,0,0,0,0,0,0,0.0,0,0.0,0
JsMessageExtractor,2,3,13,0,2,2,0,1,1,15.0,12,9.25,0
ExtractMessagesVisitor,2,1,1,0,0,1,0,1,1,13.5,8,1.0,0
Tracer,25,16,1,0,3,3,0,1,1,16.8,29,14.510204081632653,0
Stat,4,4,0,0,0,0,0,1,1,11.5,10,0.75,0
Event,2,2,25,0,4,2,0,1,1,8.5,7,2.4,0
ThreadTrace,9,8,6,0,2,4,0,1,1,11.22222222222222,6,0.2941176470588235,0
AtomicTracerStatMap,2,1,0,0,0,2,0,1,1,8.5,12,6.666666666666667,0
VerboseMessageFormatter,3,0,6,0,0,1,0,1,1,10.0,9,4.0,0
DiagnosticType,9,5,2,1,0,0,0,1,1,6.777777777777778,8,0.5333333333333333,0
StrictModeCheck,9,13,5,1,2,2,0,0,1,11.88888888888889,12,1.76,0
NonExternChecks,3,0,5,0,0,1,0,0,1,11.333333333333334,9,3.0,0
JSModule,26,6,1,1,3,1,1,1,1,11.884615384615383,10,0.6060606060606061,0
JsMessageDefinition,3,3,0,0,0,0,0,1,1,16.333333333333332,16,8.857142857142858,0
LiveVariablesAnalysis,10,4,4,0,3,2,0,1,1,16.1,16,8.294117647058824,1
LiveVariableJoinOp,1,0,5,1,0,1,0,1,0,0.0,0,0.0,0
LiveVariableLattice,5,1,2,1,1,0,0,1,1,6.8,9,4.875,0
StatementFusion,6,0,5,0,1,4,0,1,1,23.83333333333333,33,11.5,0
VariableVisibilityAnalysis,3,2,2,1,1,1,0,1,1,15.666666666666666,19,9.428571428571429,0
FunctionRewriter,3,2,3,1,1,1,0,1,1,17.333333333333332,14,3.6666666666666665,1
Reduction,2,3,2,0,2,0,0,1,1,10.0,11,1.0,0
ReductionGatherer,2,2,1,1,0,1,0,1,1,9.5,10,5.2,0
Reducer,3,0,6,0,1,1,0,1,1,11.333333333333334,11,2.6666666666666665,0
EmptyFunctionReducer,2,2,3,0,0,1,0,1,1,10.5,12,6.75,0
SingleReturnStatementReducer,1,0,5,0,0,2,0,1,1,26.0,9,13.0,0
IdentityReducer,3,2,8,0,0,2,0,1,1,13.0,12,5.6,0
ReturnConstantReducer,3,2,2,0,0,2,0,1,1,11.0,12,6.0,0
GetterReducer,3,2,5,0,0,2,0,1,1,13.0,12,5.6,0
SetterReducer,3,2,18,0,0,4,0,1,1,13.0,12,5.6,0
CheckUnreachableCode,5,3,1,1,1,1,0,1,1,9.4,17,1.2,0
ReachablePredicate,1,0,5,1,0,2,0,1,0,0.0,0,0.0,0
DataFlowAnalysis,13,4,18,0,1,2,0,1,1,11.461538461538462,28,14.727272727272728,0
FlowState,6,2,2,1,2,0,0,1,1,6.333333333333333,7,1.7777777777777777,0
MaxIterationsExceededException,0,1,0,0,0,0,0,0,1,0.0,10,19.5,0
BranchedForwardDataFlowAnalysis,6,0,17,0,2,2,0,1,0,0.0,0,0.0,0
BranchedFlowState,6,2,2,1,2,1,0,1,1,6.333333333333333,7,1.7777777777777777,0
RemoveUnusedVars,13,13,39,1,6,3,0,1,1,18.153846153846157,28,8.666666666666666,1
CallSiteOptimizer,11,4,5,0,3,3,0,1,0,0.0,0,0.0,0
Continuation,1,2,5,0,0,1,0,0,1,5.0,12,7.5,0
Assign,2,5,18,0,1,2,0,1,0,0.0,0,0.0,0
CollapseVariableDeclarations,3,3,21,1,3,1,0,1,1,12.333333333333334,13,11.0,1
Collapse,0,3,0,0,0,0,0,0,1,0.0,13,2.0,0
GatherCollapses,3,1,9,0,1,6,0,1,1,12.333333333333334,12,9.5,0
RemoveTryCatch,1,2,2,1,1,0,0,0,1,7.0,10,4.8,0
RemoveTryCatchCode,1,0,22,0,0,1,0,0,0,0.0,0,0.0,0
DiagnosticGroups,7,35,3,0,2,0,0,1,1,14.714285714285714,15,0.3023255813953488,1
ObjectPropertyStringPreprocess,2,6,5,1,2,1,0,0,1,13.5,31,4.7,0
Callback,1,0,41,0,3,6,0,0,0,0.0,0,0.0,0
CheckSideEffects,5,6,10,1,5,5,0,0,1,10.4,10,3.3846153846153846,1
StripProtection,2,1,9,1,1,1,0,0,1,6.0,9,1.25,0
BinaryJoinOp,3,0,0,1,1,1,0,1,1,8.333333333333334,14,5.666666666666667,0
FindExportableNodes,2,3,1,0,0,1,0,1,1,7.5,10,7.857142857142857,0
GenerateNodeContext,3,3,1,0,0,0,0,1,1,11.333333333333334,10,1.5714285714285714,0
PeepholeOptimizationsPass,10,4,1,1,5,2,0,1,1,11.3,13,1.6666666666666667,1
ScopeState,1,2,0,0,2,0,0,0,0,0.0,0,0.0,0
StateStack,3,2,0,0,1,1,0,1,0,0.0,0,0.0,0
PeepholeChangeHandler,1,0,2,1,1,0,0,0,0,0.0,0,0.0,0
JvmMetrics,10,4,4,0,0,4,0,1,1,18.3,10,2.0,0
ByPathWarningsGuard,4,5,0,0,0,1,0,1,1,8.25,19,8.1,0
DefaultPassConfig,20,120,5,0,13,45,0,1,1,19.15,10,0.1041666666666666,0
GlobalTypeResolver,2,1,2,1,1,1,0,0,1,10.0,8,2.5,0
ClearTypedScope,1,0,2,1,1,0,0,0,1,7.0,8,8.0,0
HotSwapPassFactory,2,0,1,0,0,0,0,1,1,10.0,19,3.333333333333333,0
FunctionNames,4,4,7,1,3,3,0,1,1,13.5,10,6.25,0
FunctionRecord,0,4,0,1,0,0,0,0,0,0.0,0,0.0,0
FunctionListExtractor,1,2,6,0,0,1,0,0,0,0.0,0,0.0,0
FunctionExpressionNamer,3,3,1,1,1,0,0,1,0,0.0,0,0.0,0
AbstractCommandLineRunner,54,19,8,0,16,12,2,1,1,18.444444444444443,44,1.2658227848101269,1
FlagUsageException,0,1,0,0,0,0,0,0,1,0.0,11,5.0,0
RunTimeStats,3,4,5,0,2,1,1,0,0,0.0,0,0.0,0
CommandLineConfig,42,42,0,0,2,1,0,1,1,18.428571428571427,14,0.4404761904761904,0
WarningGuardSpec,2,1,1,0,1,0,0,0,1,4.0,14,4.25,0
Entry,0,2,0,0,0,0,0,0,0,0.0,0,0.0,0
ClosureCodeRemoval,1,6,17,1,1,4,0,0,1,7.0,11,10.090909090909092,0
RemovableAssignment,1,4,7,0,1,1,0,0,1,6.0,7,1.5,0
FindAbstractMethods,1,0,10,0,0,1,0,0,1,5.0,11,10.0,0
FindAssertionCalls,1,1,6,0,0,1,0,0,1,5.0,10,1.3333333333333333,0
OptimizeReturns,5,1,3,1,2,4,0,1,1,10.8,9,8.285714285714286,0
CheckRegExp,3,4,18,1,1,1,0,1,1,13.333333333333334,13,3.75,0
ControlFlowAnalysis,38,12,9,1,10,4,0,1,1,13.605263157894736,8,0.2115384615384615,1
AstControlFlowGraph,2,1,2,0,1,1,0,1,1,18.0,16,4.25,0
NameReferenceGraphReport,8,1,5,0,11,1,0,1,1,19.5,11,8.0,0
DiGraphNodeComparator,1,0,18,1,2,3,0,1,1,7.0,21,24.0,0
AnalyzePrototypeProperties,3,14,4,1,2,1,0,1,1,13.0,11,2.2413793103448274,1
ProcessProperties,13,1,2,1,1,4,0,1,0,0.0,0,0.0,0
ProcessExternProperties,1,0,6,0,0,1,0,0,0,0.0,0,0.0,0
PropagateReferences,1,0,6,1,0,1,0,1,0,0.0,0,0.0,0
GlobalFunction,4,3,4,1,0,1,0,1,1,10.0,11,1.375,0
AssignmentProperty,6,3,1,1,1,0,0,1,1,9.666666666666666,10,1.3,0
LiteralProperty,5,6,1,1,1,0,0,1,1,9.0,10,1.0833333333333333,0
NameContext,0,2,0,0,0,0,0,0,1,0.0,8,7.0,0
NameInfo,6,5,0,0,0,2,0,1,1,15.666666666666666,11,0.9166666666666666,0
PeepholeFoldConstants,35,8,24,0,3,7,0,1,1,17.457142857142856,12,0.2727272727272727,1
AbstractCompiler,51,2,0,1,1,0,0,1,1,16.764705882352942,10,0.6111111111111112,0
UseSite,2,3,1,0,0,0,0,1,1,7.0,11,4.833333333333333,0
RescopeGlobalSymbols,2,6,6,1,4,1,0,0,1,20.0,24,7.285714285714286,0
RewriteGlobalFunctionStatementsToVarAssignmentsCallback,1,0,11,0,0,1,0,0,1,5.0,10,30.0,0
RewriteScopeCallback,2,0,13,0,2,7,0,0,1,9.0,21,45.5,0
RemoveGlobalVarCallback,2,0,5,0,2,4,0,1,1,8.0,12,32.0,0
MakeExternsReferenceWindowExplicitly,1,0,15,0,0,2,0,0,1,5.0,11,32.0,0
XtbMessageBundle,4,3,3,1,7,0,0,1,1,12.5,13,1.0909090909090908,0
Handler,11,8,1,1,0,1,0,0,1,14.636363636363637,14,1.0,0
SecureEntityResolver,1,0,1,1,0,0,0,1,1,13.0,14,32.0,0
CoalesceVariableNames,7,4,17,1,3,3,0,1,1,15.285714285714286,21,7.571428571428571,1
CombinedLiveRangeChecker,2,2,3,0,0,1,0,1,1,10.5,32,4.2,0
LiveRangeChecker,5,4,6,0,0,2,0,1,0,0.0,0,0.0,0
NameGenerator,4,7,3,0,0,2,0,1,1,13.0,10,1.4166666666666667,0
CheckPathsBetweenNodes,8,11,9,0,3,3,0,1,1,18.5,22,1.1904761904761905,0
MethodCompilerPass,5,5,4,1,6,1,0,0,1,14.6,12,1.4285714285714286,1
GetExternMethods,1,0,29,0,0,1,0,0,1,5.0,10,34.0,0
GatherSignatures,2,0,11,0,0,1,0,0,1,13.5,10,4.0,0
EmptyMessageBundle,3,0,2,1,0,0,0,1,1,11.666666666666666,14,4.666666666666667,0
AnalyzeNameReferences,3,3,3,1,4,1,0,1,1,7.333333333333333,21,7.444444444444445,0
PropagateReferences,1,0,10,1,0,1,0,1,0,0.0,0,0.0,0
NameInfo,3,2,1,1,0,2,0,1,0,0.0,0,0.0,0
RemoveUnusedClassProperties,5,4,7,1,2,1,0,1,1,11.6,31,4.9,0
VarCheck,6,11,2,1,3,6,0,1,1,17.0,12,1.6,1
NameRefInExternsCheck,1,0,18,0,0,1,0,0,1,5.0,10,24.0,0
CompilerInput,28,8,2,1,2,1,1,1,1,11.821428571428571,14,0.8837209302325582,0
DepsFinder,2,3,10,0,1,2,0,0,0,0.0,0,0.0,0
ConvertToDottedProperties,2,1,16,1,1,1,0,0,1,6.0,10,6.25,0
FieldCleanupPass,2,1,1,1,1,0,0,0,1,10.0,14,9.6,0
QualifiedNameSearchTraversal,3,2,2,0,0,2,0,1,1,10.333333333333334,14,31.166666666666668,0
DiagnosticGroup,6,4,1,1,0,1,0,1,1,7.833333333333333,10,1.7333333333333334,0
SymbolTable,48,11,9,1,3,5,0,1,1,16.895833333333332,17,4.5606060606060606,0
Symbol,16,6,5,0,2,1,0,1,0,0.0,0,0.0,0
Reference,0,0,0,0,0,0,0,0,0,0.0,0,0.0,0
SymbolScope,15,7,5,1,1,2,0,1,0,0.0,0,0.0,0
PropertyRefCollector,6,1,19,1,1,1,0,1,0,0.0,0,0.0,0
ThisRefCollector,4,2,7,1,1,2,0,0,0,0.0,0,0.0,0
JSDocInfoCollector,2,1,12,0,0,2,0,0,1,9.0,10,1.5,0
PrepareAst,4,2,14,1,1,1,0,0,1,13.0,15,6.444444444444445,1
PrepareAnnotations,6,0,6,1,1,2,0,1,1,20.0,11,2.4285714285714284,0
ControlStructureCheck,4,2,3,1,1,2,0,0,1,7.75,5,0.7142857142857143,0
ClosureRewriteClass,16,7,5,1,2,8,0,1,1,16.25,11,0.8461538461538461,0
MemberDefinition,0,3,0,0,0,0,0,0,0,0.0,0,0.0,0
ClassDefinition,0,6,0,0,0,0,0,0,0,0.0,0,0.0,0
ReplaceMessagesForChrome,4,0,5,0,1,1,1,1,1,19.25,12,10.6,0
ProcessDefines,6,10,21,1,2,3,0,1,1,12.333333333333334,12,1.947368421052632,0
CollectDefines,8,6,4,1,1,4,0,1,1,16.75,11,0.875,0
RefInfo,0,2,0,0,0,0,0,0,1,0.0,11,4.666666666666667,0
DefineInfo,4,5,1,0,2,0,0,1,1,17.25,11,2.8,0
RecentChange,3,1,0,1,1,0,0,1,1,10.333333333333334,7,4.0,0
ForbiddenChange,1,0,1,1,0,0,0,0,1,12.0,9,12.0,0
PreprocessorSymbolTable,9,3,6,1,2,1,0,1,1,11.22222222222222,24,1.4285714285714286,0
Reference,0,0,0,0,0,0,0,0,0,0.0,0,0.0,0
MarkNoSideEffectCalls,3,3,2,1,4,2,0,1,1,22.33333333333333,14,4.888888888888889,0
GatherNoSideEffectFunctions,1,1,23,0,0,2,0,0,1,5.0,13,2.333333333333333,0
SetNoSideEffectCallProperty,1,1,10,0,1,3,0,0,1,5.0,8,8.0,0
PrintStreamErrorManager,3,3,12,0,1,1,0,0,1,13.333333333333334,21,5.375,0
CodePrinter,1,1,6,0,3,2,0,1,1,8.0,13,2.0,1
MappedCodePrinter,9,8,0,0,2,1,0,1,0,0.0,0,0.0,0
Mapping,0,3,0,0,0,0,0,0,1,0.0,12,14.666666666666666,0
PrettyCodePrinter,16,2,1,0,3,1,0,1,0,0.0,0,0.0,0
CompactCodePrinter,6,6,7,0,2,2,0,0,0,0.0,0,0.0,0
Builder,7,5,1,0,1,1,1,1,0,0.0,0,0.0,0
TypeCheck,39,50,1,1,7,6,0,1,1,15.794871794871796,11,0.1413043478260869,1
PeepholeFoldWithTypes,2,0,19,0,2,1,0,1,1,14.0,13,47.0,0
PassConfig,17,4,0,0,3,1,0,1,1,17.176470588235293,10,0.625,0
PassConfigDelegate,6,1,1,0,1,0,0,1,1,16.0,14,1.875,0
State,0,10,0,1,0,0,0,0,1,0.0,13,0.6363636363636364,0
AbstractPeepholeOptimization,13,1,6,0,2,0,0,1,1,17.076923076923077,15,2.357142857142857,0
RenamePrototypes,3,9,4,1,5,5,0,1,1,13.333333333333334,16,8.25,1
Property,4,5,4,0,0,4,0,1,1,15.75,12,1.3,0
ProcessExternedProperties,1,0,7,0,0,1,0,0,1,5.0,8,22.0,0
ProcessProperties,6,0,2,0,2,1,0,1,1,20.33333333333333,11,6.5,0
RhinoErrorReporter,6,8,7,0,1,1,0,1,1,12.333333333333334,11,1.0,0
OldRhinoErrorReporter,2,0,1,1,1,0,0,0,0,0.0,0,0.0,0
NewRhinoErrorReporter,5,0,4,1,1,1,0,1,0,0.0,0,0.0,0
NameReferenceGraph,6,6,2,1,2,3,0,1,1,14.666666666666666,18,10.466666666666669,0
Name,21,7,3,0,1,1,0,1,1,13.666666666666666,10,0.3448275862068966,0
Reference,6,4,1,0,1,0,0,1,1,8.333333333333334,10,2.0,0
UnreachableCodeElimination,4,3,1,1,3,1,0,0,1,7.75,13,8.666666666666666,1
EliminationPass,4,1,20,0,3,5,0,1,0,0.0,0,0.0,0
ReplaceCssNames,2,10,1,1,2,0,0,1,1,12.0,15,12.142857142857142,0
Traversal,2,0,18,0,0,3,0,0,0,0.0,0,0.0,0
ObjectPropertyStringPostprocess,1,1,2,1,1,0,0,0,1,7.0,31,13.0,0
Callback,1,0,25,0,1,3,0,0,0,0.0,0,0.0,0
DefinitionSite,0,5,0,0,0,0,0,0,1,0.0,11,4.0,0
GroupVariableDeclarations,6,1,24,1,2,3,0,1,1,10.5,14,20.625,0
Strings,3,0,3,0,0,2,0,1,1,22.33333333333333,11,8.0,0
CheckRequiresForConstructors,4,4,5,1,1,1,0,1,1,13.0,11,2.6,0
CheckRequiresForConstructorsCallback,5,3,11,1,3,4,0,1,1,11.8,11,2.875,0
MemoizedScopeCreator,7,2,5,1,0,1,0,1,1,14.857142857142858,10,6.4,0
GatherRawExports,4,3,1,1,2,1,0,1,1,13.5,10,3.125,0
ExpressionDecomposer,26,6,2,0,7,3,0,1,1,19.0,11,1.4,0
DecompositionState,0,2,0,0,0,0,0,0,1,0.0,9,8.5,0
JSModuleGraph,15,3,5,0,3,6,0,1,1,18.133333333333333,12,2.272727272727273,0
InverseDepthComparator,1,0,2,1,0,0,0,1,1,7.0,12,23.0,0
ModuleDependenceException,2,3,1,0,0,0,0,1,0,0.0,0,0.0,0
InlineFunctions,19,9,4,1,10,3,0,1,1,20.68421052631579,12,2.875,1
FindCandidateFunctions,4,1,13,1,0,2,0,1,1,15.0,9,1.2,0
CallVisitor,1,3,17,0,0,1,0,0,1,5.0,11,1.4,0
FindCandidatesReferences,5,0,15,1,1,4,0,1,1,15.0,10,1.1666666666666667,0
Inline,2,2,9,1,2,1,0,0,1,13.5,9,1.2,0
FunctionState,26,10,1,0,2,1,0,1,1,14.5,9,0.3333333333333333,0
NamedFunction,4,1,2,1,1,0,0,1,1,11.25,14,1.0,0
FunctionVar,4,1,2,1,1,0,0,1,1,11.25,14,1.0,0
FunctionExpression,4,2,1,1,0,0,0,1,1,11.25,18,0.8571428571428571,0
Reference,0,2,0,0,0,0,0,0,0,0.0,0,0.0,0
ShadowVariables,1,7,4,1,2,1,0,0,1,7.0,10,5.727272727272728,0
GatherReferenceInfo,1,0,21,0,1,6,0,0,0,0.0,0,0.0,0
DoShadowVariables,5,0,17,1,6,3,0,1,0,0.0,0,0.0,0
GlobalNamespace,18,9,1,1,3,1,0,1,1,12.72222222222222,10,0.7647058823529411,1
NodeFilter,1,1,7,1,0,2,0,1,1,5.0,9,5.666666666666667,0
BuildGlobalNamespace,14,1,8,1,2,5,0,1,1,15.714285714285714,14,0.5882352941176471,0
Name,25,16,6,1,1,5,0,1,1,13.4,10,0.9302325581395348,0
Ref,10,8,0,1,3,0,0,1,1,10.9,10,0.8636363636363636,0
Tracker,1,4,13,1,1,4,0,0,1,7.0,12,6.5,0
ClosureOptimizePrimitives,3,1,4,1,2,1,0,1,1,18.0,8,5.333333333333333,0
FindObjectCreateCalls,1,1,7,0,0,1,0,0,1,5.0,10,3.5,0
FunctionTypeBuilder,20,32,8,0,2,6,0,1,1,17.2,16,1.9482758620689653,1
ExtendedTypeValidator,1,0,9,1,0,1,0,0,0,0.0,0,0.0,0
ImplementedTypeValidator,1,0,8,1,0,1,0,0,0,0.0,0,0.0,0
UnknownFunctionContents,8,1,2,1,0,0,0,1,0,0.0,0,0.0,0
AstFunctionContents,11,5,1,1,1,1,0,1,0,0.0,0,0.0,0
DotFormatter,12,8,31,0,9,4,0,1,1,9.5,15,3.227272727272727,0
CrossModuleCodeMotion,8,5,16,1,1,4,0,1,1,13.125,9,1.1875,0
NamedInfo,3,4,1,0,2,2,0,1,1,15.333333333333334,11,0.8571428571428571,0
Declaration,0,2,0,0,0,0,0,0,0,0.0,0,0.0,0
JSSourceFile,10,2,1,1,1,0,0,1,1,10.6,14,2.769230769230769,0
ComposeWarningsGuard,8,6,3,0,1,1,0,1,1,10.0,13,3.294117647058824,0
GuardComparator,1,2,7,1,0,1,0,1,0,0.0,0,0.0,0
VariableReferenceCheck,2,6,2,1,1,0,0,0,1,10.0,11,5.1,0
ReferenceCheckingBehavior,2,0,35,1,1,2,0,0,1,11.0,13,8.0,0
ReplaceMessages,8,3,6,0,4,2,1,1,1,19.0,16,1.0833333333333333,0
CleanupPasses,4,4,0,0,3,0,0,1,1,16.25,11,1.7,0
MemoizedScopeCleanupPass,2,1,1,1,0,1,0,0,1,10.0,20,9.75,0
InlineVariables,2,4,1,1,1,1,0,0,1,11.5,21,8.75,1
IdentifyConstants,1,0,2,1,0,0,0,1,1,5.0,17,43.0,0
IdentifyLocals,1,0,2,1,0,0,0,1,1,5.0,9,4.0,0
AliasCandidate,0,2,0,0,0,0,0,0,0,0.0,0,0.0,0
InliningBehavior,22,2,18,1,2,5,0,1,1,19.13636363636364,11,1.0,0
ProcessCommonJSModules,6,8,4,1,2,1,0,1,1,12.833333333333334,12,3.5,1
ProcessCommonJsModulesCallback,6,2,2,0,6,3,0,0,1,17.166666666666668,11,1.125,0
SuffixVarsCallback,1,2,12,0,0,1,0,0,1,5.0,9,3.25,0
SanityCheck,5,4,9,1,4,3,0,1,1,17.0,11,3.1,0
SuppressDocWarningsGuard,2,2,1,0,0,1,0,1,1,8.0,11,3.0,0
PeepholeSubstituteAlternateSyntax,47,10,3,0,3,6,0,1,1,20.148936170212767,12,0.3728813559322034,1
AstChangeProxy,6,1,16,0,3,2,0,0,1,13.666666666666666,9,2.2222222222222223,0
DiagnosticGroupWarningsGuard,4,3,1,0,0,1,0,1,1,7.0,15,1.625,0
JqueryCodingConvention,3,3,5,0,1,0,0,1,1,17.666666666666668,11,1.0,0
InferJSDocInfo,5,2,15,1,4,2,0,1,1,15.8,14,21.375,0
SpecializeModule,8,5,7,1,6,2,0,1,1,26.625,31,19.88235294117647,0
NodeMatcher,3,0,1,0,1,1,0,1,1,10.0,10,9.333333333333334,0
OriginalFunctionInformation,4,4,2,0,1,1,0,1,1,22.75,11,3.6666666666666665,0
SpecializationState,11,5,2,0,1,4,0,1,1,22.363636363636363,25,6.411764705882353,0
SideEffectsAnalysis,9,4,3,1,2,5,0,1,1,17.77777777777778,19,3.423076923076923,0
AbstractMotionEnvironment,1,0,1,0,0,0,0,0,1,20.0,18,78.0,0
IntraproceduralMotionEnvironment,1,0,1,0,0,0,0,1,1,20.0,11,18.0,0
CrossModuleMotionEnvironment,1,0,1,0,0,0,0,1,1,20.0,11,16.5,0
RawMotionEnvironment,1,1,1,0,0,0,0,1,1,20.0,12,10.666666666666666,0
LocationSummary,2,2,1,0,0,0,0,1,0,0.0,0,0.0,0
LocationAbstraction,3,0,8,0,0,1,0,1,1,21.666666666666668,18,15.0,0
DegenerateLocationAbstraction,4,2,1,0,0,1,0,1,1,17.75,19,7.285714285714286,0
DegenerateEffectLocation,3,0,1,1,0,1,0,1,0,0.0,0,0.0,0
VisibilityLocationAbstraction,7,9,3,0,1,1,0,1,1,21.571428571428573,12,8.722222222222221,0
VisibilityBasedEffectLocation,3,1,2,1,1,0,0,1,1,9.666666666666666,29,8.2,0
VariableUseDeclarationMap,2,2,4,0,2,1,0,1,1,17.0,9,2.8,0
AmbiguateProperties,10,13,3,1,5,5,0,1,1,15.3,11,2.548387096774193,1
PropertyGraph,5,1,1,1,0,1,0,1,0,0.0,0,0.0,0
PropertySubGraph,2,1,2,1,1,0,0,1,1,11.0,11,6.333333333333333,0
PropertyGraphNode,3,2,1,1,1,0,0,1,0,0.0,0,0.0,0
ProcessExterns,1,0,10,0,0,1,0,0,1,5.0,9,8.0,0
ProcessProperties,3,0,2,0,1,1,0,1,1,12.333333333333334,10,3.6666666666666665,0
Property,2,5,6,0,2,2,0,0,1,11.0,12,1.0,0
JSTypeBitSet,1,1,9,0,0,1,0,1,0,0.0,0,0.0,0
Bind,1,3,3,0,0,1,0,1,0,0.0,0,0.0,0
SubclassRelationship,0,3,0,0,0,0,0,0,0,0.0,0,0.0,0
DelegateRelationship,0,2,0,0,0,0,0,0,1,0.0,13,16.0,0
ObjectLiteralCast,0,3,0,0,0,0,0,0,1,0.0,9,4.25,0
AssertionFunctionSpec,3,2,2,0,0,0,0,1,1,15.333333333333334,10,4.285714285714286,0
SourceFile,30,7,1,1,1,4,1,1,1,11.133333333333333,14,0.8837209302325582,1
Builder,8,2,1,0,1,0,0,1,1,14.875,9,2.5454545454545454,0
Preloaded,0,1,0,0,0,0,0,0,1,0.0,9,4.5,0
Generated,2,2,1,0,1,1,0,1,1,12.0,11,2.8,0
OnDisk,5,3,2,0,1,1,0,1,1,11.4,10,3.111111111111111,0
LineNumberCheck,4,3,6,1,2,1,0,1,1,10.25,13,3.25,0
OptimizeCalls,2,2,4,1,1,1,0,1,1,7.0,22,6.0,0
CrossModuleMethodMotion,2,8,46,1,0,2,0,0,1,9.0,10,1.0,1
IdGenerator,2,2,0,1,0,0,0,1,0,0.0,0,0.0,0
Compiler,155,54,1,0,11,6,1,1,1,14.870967741935484,13,0.308411214953271,1
CodeBuilder,7,3,6,0,1,2,0,1,1,8.857142857142858,13,2.6,0
IntermediateState,0,10,0,1,0,0,0,0,1,0.0,15,7.454545454545454,0
NodeNameExtractor,1,2,27,0,0,1,0,0,1,7.0,22,11.75,0
TypedCodeGenerator,5,0,9,0,2,5,0,1,1,16.4,12,1.8333333333333333,0
TypeInferencePass,4,6,2,1,3,0,1,1,1,10.25,9,0.6923076923076923,0
FirstScopeBuildingCallback,2,0,1,0,1,0,0,0,0,0.0,0,0.0,0
SecondScopeBuildingCallback,2,0,1,0,1,0,0,0,0,0.0,0,0.0,0
SyntheticAst,5,4,1,1,3,0,0,1,1,10.8,10,1.3,0
CombinedCompilerPass,7,2,2,1,1,1,0,1,1,9.428571428571429,17,11.75,0
CallbackWrapper,5,3,0,0,0,1,0,1,1,17.0,14,7.222222222222222,0
RuntimeTypeCheck,3,3,2,1,3,1,0,1,1,10.333333333333334,10,7.333333333333333,1
AddMarkers,6,1,4,0,3,2,0,1,1,17.0,14,10.625,0
AddChecks,5,0,24,0,2,2,0,1,1,13.8,10,8.833333333333334,0
VariableMap,14,3,0,0,1,1,1,1,1,11.571428571428571,10,0.7222222222222222,0
MustBeReachingVariableDef,12,3,0,0,1,3,0,1,1,14.833333333333334,10,2.6842105263157894,1
Definition,1,3,1,0,0,1,0,1,1,6.0,11,10.2,0
MustDef,1,1,1,1,0,0,0,1,1,6.0,14,13.2,0
MustDefJoin,1,0,16,0,0,2,0,1,0,0.0,0,0.0,0
StripCode,2,8,2,1,1,0,0,0,1,13.5,12,9.083333333333334,0
Strip,18,0,1,0,1,4,0,1,1,26.33333333333333,10,0.6111111111111112,0
TransformAMDToCJSModule,3,6,3,1,1,0,0,1,1,16.0,22,1.8461538461538465,0
TransformAMDModulesCallback,6,0,8,0,4,4,0,1,1,18.5,8,2.833333333333333,0
DefineCallbackReturnCallback,1,0,12,0,0,1,0,0,1,5.0,10,14.0,0
RenameCallback,1,2,6,0,0,1,0,0,1,5.0,7,0.5,0
PeepholeCollectPropertyAssignments,9,0,6,0,3,6,0,1,1,17.555555555555557,11,4.777777777777778,0
CheckProvides,2,4,2,1,1,0,0,0,1,10.0,11,1.0,0
CheckProvidesCallback,3,3,11,0,2,2,0,0,0,0.0,0,0.0,0
ScopedAliases,2,11,28,1,1,1,0,0,1,10.0,13,2.0,1
AliasedNode,1,2,4,1,1,0,0,0,0,0.0,0,0.0,0
AliasedTypeNode,1,3,8,1,2,0,0,0,0,0.0,0,0.0,0
Traversal,16,8,11,1,2,5,0,1,0,0.0,0,0.0,0
JsMessage,14,11,6,0,6,2,0,1,1,8.285714285714286,26,1.2580645161290325,0
PlaceholderReference,7,1,2,1,0,0,0,1,1,7.428571428571429,12,1.0,0
Builder,15,8,7,0,3,3,0,1,1,11.133333333333333,14,1.52,0
Hash,6,2,0,0,36,2,0,1,1,6.166666666666667,13,17.22222222222222,0
ConcreteType,22,5,3,1,1,1,0,1,1,12.136363636363637,12,1.8857142857142857,0
TypeFilter,1,1,0,0,0,0,0,0,1,6.0,13,8.666666666666666,0
ConcreteNoneType,4,0,1,0,0,0,0,1,1,9.0,10,1.5,0
ConcreteFunctionType,14,9,31,0,2,4,0,1,1,12.642857142857142,11,3.0,0
ConcreteInstanceType,9,4,2,0,0,1,0,1,1,15.0,11,4.285714285714286,0
ConcreteUnionType,8,1,7,0,1,1,0,1,1,9.125,12,3.4545454545454546,0
ConcreteAll,4,0,1,0,0,0,0,1,1,8.75,10,1.75,0
ConcreteUniqueType,3,1,1,0,0,0,0,1,1,7.333333333333333,22,12.0,0
GatherSideEffectSubexpressionsCallback,7,3,1,1,2,5,0,1,1,17.0,14,2.769230769230769,0
GetReplacementSideEffectSubexpressions,5,2,4,1,5,2,0,1,1,26.8,11,4.375,0
NodeIterators,0,0,0,0,0,0,0,0,1,0.0,10,7.333333333333333,0
FunctionlessLocalScope,6,1,2,1,1,1,0,1,1,8.833333333333334,9,1.0,0
LocalVarMotion,6,4,18,1,2,4,0,1,1,8.0,11,7.818181818181818,0
PureFunctionIdentifier,9,8,6,1,6,3,0,1,1,15.444444444444445,11,4.409090909090909,1
FunctionAnalyzer,13,1,5,1,2,4,0,1,1,17.384615384615383,13,1.4666666666666666,0
SideEffectPropagationCallback,1,0,25,1,1,3,0,1,1,12.0,11,9.0,0
FunctionInformation,19,12,9,0,3,6,0,1,1,14.789473684210526,8,0.71875,0
Driver,1,3,7,1,1,2,0,0,1,7.0,22,2.8,0
CallGraph,21,9,8,1,4,2,0,1,1,20.666666666666668,18,4.941176470588236,0
Function,10,5,1,0,2,1,0,1,1,18.1,10,1.5,0
Callsite,6,5,1,0,2,1,0,1,1,16.166666666666668,10,2.583333333333333,0
LoggerErrorManager,2,2,12,0,0,1,0,0,1,9.5,10,5.5,0
CheckAccessControls,24,20,8,1,1,3,0,1,1,19.041666666666668,17,1.6,1
NameAnalyzer,25,17,14,1,12,4,0,1,1,16.8,20,4.098360655737705,1
AliasSet,0,1,0,0,0,0,0,0,1,0.0,10,26.5,0
ReferencePropagationCallback,1,0,1,1,0,1,0,0,1,12.0,11,5.0,0
NameInformation,0,7,0,0,0,0,0,0,1,0.0,11,2.2857142857142856,0
JsName,2,6,2,1,1,1,0,1,1,8.5,11,1.25,0
JsNameRefNode,2,3,11,1,0,1,0,1,1,5.0,10,6.166666666666667,0
PrototypeSetNode,1,0,8,0,0,1,0,0,1,6.0,10,4.5,0
SpecialReferenceNode,3,2,3,1,0,0,0,1,1,7.333333333333333,9,1.0,0
ClassDefiningFunctionNode,1,0,10,0,1,1,0,0,1,6.0,9,7.0,0
InstanceOfCheckNode,1,0,5,0,1,0,0,0,1,6.0,10,3.0,0
ProcessExternals,1,0,8,0,0,2,0,0,1,5.0,10,11.0,0
FindDependencyScopes,4,0,2,0,2,2,0,0,1,12.5,13,36.5,0
HoistVariableAndFunctionDeclarations,1,0,11,0,0,1,0,0,1,5.0,12,32.0,0
FindDeclarationsAndSetters,4,0,4,0,3,2,0,0,1,13.75,18,10.0,0
FindReferences,9,1,8,1,1,5,0,1,1,16.555555555555557,10,5.166666666666667,0
NodeAccumulator,4,0,7,1,2,2,0,1,1,27.0,14,3.75,0
RemoveListener,1,0,2,1,1,0,0,0,0,0.0,0,0.0,0
PerformanceTracker,9,10,72,0,3,4,1,1,1,15.11111111111111,0,0.0,0
Stats,0,8,0,0,0,0,0,0,0,0.0,0,0.0,0
CmpEntries,1,0,3,1,0,0,0,1,0,0.0,0,0.0,0
CodeSizeEstimatePrinter,4,5,4,0,0,1,0,1,1,9.75,8,1.5,0
SimpleFunctionAliasAnalysis,4,2,10,0,3,1,0,1,1,14.5,22,3.8333333333333335,0
CheckMissingGetCssName,6,6,2,1,1,1,0,1,1,14.833333333333334,12,1.4615384615384617,0
ByPart,2,0,1,1,0,0,0,1,0,0.0,0,0.0,0
ByWhole,2,0,1,1,0,0,0,1,0,0.0,0,0.0,0
ErrorPass,1,2,2,1,1,0,0,0,1,7.0,8,1.6,0
SourceInformationAnnotator,2,2,3,0,0,2,0,0,1,10.0,17,14.0,0
MoveFunctionDeclarations,3,2,10,1,1,2,0,1,1,8.666666666666666,12,11.0,0
StrictWarningsGuard,2,2,0,0,0,1,0,1,1,8.0,8,3.25,0
NameReferenceGraphConstruction,7,5,3,1,1,2,0,1,1,17.0,18,0.4666666666666667,0
Traversal,20,1,12,1,3,6,0,1,0,0.0,0,0.0,0
NameUse,0,2,0,0,0,0,0,0,0,0.0,0,0.0,0
ExportTestFunctions,4,4,2,1,4,1,0,1,1,18.75,12,2.1,0
ExportTestFunctionsNodes,2,0,4,0,0,2,0,1,0,0.0,0,0.0,0
AstValidator,64,1,4,1,6,3,1,0,1,17.296875,9,0.2647058823529412,0
ChainCalls,1,6,7,1,3,1,0,0,1,7.0,9,0.6363636363636364,0
GatherFunctions,4,0,1,1,1,1,0,1,1,9.5,10,1.75,0
GatherCallSites,1,0,23,0,1,10,0,0,0,0.0,0,0.0,0
CallSite,0,5,0,0,0,0,0,0,1,0.0,7,1.0,0
InlineSimpleMethods,12,2,0,0,3,3,0,1,1,17.0,12,6.25,0
InlineTrivialAccessors,1,0,24,0,0,3,0,0,1,5.0,9,20.0,0
MaybeReachingVariableUse,9,2,7,0,1,2,0,1,1,15.555555555555555,11,4.285714285714286,1
ReachingUses,2,1,2,1,0,0,0,1,1,7.0,14,23.2,0
ReachingUsesJoinOp,1,0,2,1,0,1,0,1,1,5.0,9,37.0,0
PeepholeReplaceKnownMethods,17,2,21,0,4,7,0,1,1,19.352941176470587,9,0.55,1
DevirtualizePrototypeMethods,13,2,8,1,4,5,0,1,1,16.923076923076923,30,8.25,1
TightenTypes,19,8,13,1,4,5,0,1,1,17.05263157894737,16,6.55,0
ConcreteScope,13,3,4,1,3,1,0,1,1,11.153846153846152,10,1.9411764705882355,0
ConcreteSlot,8,3,3,1,1,0,0,1,1,10.625,10,0.75,0
Assignment,0,2,0,0,0,0,0,0,1,0.0,10,4.0,0
VariableAssignAction,1,2,3,1,0,0,0,1,1,14.0,10,2.25,0
PropertyAssignAction,1,3,6,1,0,1,0,1,1,14.0,10,2.4,0
FunctionCallBuilder,4,5,0,0,2,1,0,1,1,11.25,12,0.7,0
ExternFunctionCall,1,3,3,1,0,0,0,1,1,14.0,9,7.0,0
FunctionCall,1,4,13,1,0,4,0,1,1,14.0,9,2.0,0
NativeCallFunctionCall,1,3,12,1,0,2,0,1,1,14.0,8,1.6,0
CreateScope,11,2,11,0,2,2,0,1,1,19.454545454545453,11,0.9285714285714286,0
ConcreteJSTypePair,4,3,1,0,0,1,0,1,1,10.75,22,2.75,0
CreateSyntheticBlocks,5,8,2,1,8,2,0,0,1,12.4,13,0.8125,0
Marker,0,2,0,0,0,0,0,0,0,0.0,0,0.0,0
Callback,1,0,24,0,1,6,0,0,0,0.0,0,0.0,0
NodeTraversal,36,12,1,0,8,3,1,1,1,12.805555555555555,13,0.3333333333333333,1
AbstractPostOrderCallback,1,0,1,1,0,0,0,1,1,14.0,8,9.0,0
AbstractScopedCallback,3,0,1,1,0,0,0,1,1,11.0,8,3.333333333333333,0
AbstractShallowCallback,1,0,3,1,0,0,0,1,1,14.0,8,12.0,0
AbstractShallowStatementCallback,1,0,3,1,0,0,0,1,1,14.0,11,17.0,0
AbstractNodeTypePruningCallback,1,2,3,1,0,0,0,1,1,14.0,8,1.8,0
PhaseOptimizer,14,17,2,1,3,2,1,1,1,11.714285714285714,10,0.3333333333333333,0
NamedPass,1,2,6,1,4,0,0,0,1,7.0,8,1.0,0
Loop,5,2,5,1,3,1,0,1,1,12.2,14,3.857142857142857,0
ProgressRange,0,2,0,0,0,0,0,0,0,0.0,0,0.0,0
CheckMissingReturn,8,5,3,1,0,4,0,1,1,14.125,11,1.6428571428571428,0
CheckDebuggerStatement,2,2,3,1,1,1,0,0,1,6.0,22,8.0,0
InlineCostEstimator,2,2,2,0,1,0,0,1,1,7.0,13,2.5,1
CompiledSizeEstimator,7,4,1,0,2,1,0,1,1,9.857142857142858,10,1.3333333333333333,0
IgnoreCajaProperties,1,2,2,1,1,0,0,0,1,7.0,11,15.4,0
Traversal,1,0,32,0,0,1,0,0,0,0.0,0,0.0,0
AnonymousFunctionNamingCallback,2,1,12,0,0,1,0,0,1,14.5,13,9.0,0
AliasStrings,9,11,9,1,4,1,0,1,1,18.444444444444443,12,1.6956521739130437,0
StringOccurrence,0,2,0,0,0,0,0,0,1,0.0,10,4.0,0
StringInfo,2,9,18,0,4,3,0,1,1,19.5,11,1.0833333333333333,0
DisambiguateProperties,10,7,11,1,4,2,0,1,1,17.0,22,3.3846153846153846,1
Warnings,0,1,0,0,0,0,0,0,0,0.0,0,0.0,0
Property,8,6,4,0,2,1,0,1,0,0.0,0,0.0,0
AbstractScopingCallback,4,1,1,1,1,1,0,1,1,10.25,10,1.6,0
FindExternProperties,1,0,15,0,0,1,0,0,1,5.0,10,23.0,0
FindRenameableProperties,5,0,7,0,1,3,0,0,1,13.4,9,3.6,0
JSTypeSystem,13,2,14,1,2,6,0,1,1,18.46153846153846,14,0.3125,0
ConcreteTypeSystem,14,5,1,1,2,2,0,1,1,17.5,14,0.3,0
CollapseAnonymousFunctions,1,1,2,1,1,0,0,0,1,7.0,12,10.5,0
Callback,3,0,5,0,1,3,0,1,0,0.0,0,0.0,0
WhitelistWarningsGuard,11,3,3,0,2,2,1,1,1,15.363636363636363,14,4.0,0
WhitelistBuilder,7,4,24,1,2,5,0,1,0,0.0,0,0.0,0
AstParallelizer,6,7,5,0,1,1,0,1,1,16.666666666666668,14,4.2,0
DetachPoint,1,3,10,0,0,1,0,0,1,8.0,12,12.4,0
DefinitionsRemover,2,0,12,0,0,2,0,1,1,14.5,10,0.9230769230769232,0
Definition,5,1,1,0,0,1,0,1,0,0.0,0,0.0,0
IncompleteDefinition,2,2,1,0,0,0,0,1,1,9.0,10,2.4,0
UnknownDefinition,1,0,1,0,0,0,0,0,1,13.0,10,2.0,0
ExternalNameOnlyDefinition,1,0,1,0,0,0,0,0,1,13.0,10,6.0,0
FunctionArgumentDefinition,1,0,1,0,0,0,0,0,1,13.0,10,5.5,0
FunctionDefinition,2,1,1,0,0,0,0,1,1,9.0,11,1.75,0
NamedFunctionDefinition,1,0,2,0,1,0,0,0,1,13.0,11,6.0,0
FunctionExpressionDefinition,1,0,4,0,1,0,0,0,1,13.0,10,9.5,0
AssignmentDefinition,3,1,2,0,2,0,0,1,1,10.333333333333334,11,1.2,0
ObjectLiteralPropertyDefinition,3,3,1,0,1,1,0,1,1,10.333333333333334,12,1.7142857142857142,0
VarDefinition,3,1,2,0,3,0,0,1,1,10.333333333333334,11,1.4,0
OptimizeArgumentsArray,7,7,0,1,2,3,0,1,1,10.571428571428571,12,3.3125,0
VariableNameGenerator,1,2,2,0,0,1,0,1,1,14.0,9,3.5,0
LinkedFlowScope,17,7,11,1,4,2,0,1,1,13.176470588235292,11,0.9666666666666668,0
FlowScopeJoinOp,1,0,4,0,2,1,0,1,1,5.0,10,4.0,0
LinkedFlowSlot,0,1,0,0,0,0,0,0,1,0.0,6,5.5,0
FlatFlowScopeCache,1,4,4,0,0,1,0,0,1,7.0,11,2.5,0
ConstCheck,4,3,2,1,2,1,0,1,1,8.25,9,2.375,0
BasicErrorManager,11,4,4,1,1,1,0,1,1,11.272727272727272,14,3.0,0
LeveledJSErrorComparator,1,2,6,1,0,5,0,1,1,7.0,12,15.0,0
ErrorWithLevel,0,2,0,0,0,0,0,0,0,0.0,0,0.0,0
DeadAssignmentsElimination,10,3,2,1,3,4,0,1,1,18.1,21,3.2,1
Scope,26,7,3,1,3,2,0,1,1,11.692307692307692,17,2.864864864864865,1
Var,30,9,0,1,2,1,0,1,1,11.066666666666666,8,0.125,0
Arguments,2,0,2,0,0,1,0,1,1,7.0,11,4.333333333333333,0
PassFactory,4,2,0,0,0,0,0,1,1,10.0,10,5.571428571428571,0
Denormalize,4,1,30,1,1,3,0,1,1,14.0,28,9.428571428571429,0
StripConstantAnnotations,2,1,5,1,2,1,0,0,0,0.0,0,0.0,0
ReferenceCollectingCallback,11,6,3,1,1,2,0,1,1,10.818181818181818,11,2.36,1
ReferenceMapWrapper,1,1,2,1,0,0,0,1,0,0.0,0,0.0,0
ReferenceCollection,12,1,3,1,1,3,0,1,1,20.33333333333333,10,1.2307692307692308,0
Reference,19,6,0,1,0,1,0,1,1,14.526315789473683,11,0.3333333333333333,0
BasicBlock,3,4,3,0,0,3,0,1,1,16.333333333333332,13,1.875,0
NameAnonymousFunctionsMapped,2,9,1,1,2,1,0,1,1,10.5,10,4.923076923076923,0
MappedFunctionNamer,4,1,1,1,3,1,0,1,1,13.25,9,8.8,0
JsMessageVisitor,24,26,2,1,3,7,1,1,1,21.70833333333333,19,0.4528301886792453,0
MalformedException,1,2,0,0,0,0,0,1,0,0.0,0,0.0,0
MessageLocation,0,2,0,0,0,0,0,0,0,0.0,0,0.0,0
OptimizeParameters,17,2,7,1,5,6,0,1,1,19.058823529411764,10,2.238095238095238,0
Parameter,7,4,1,0,1,0,0,1,1,14.428571428571429,9,1.25,0
CodeConsumer,34,3,0,0,3,2,0,1,1,12.205882352941176,19,0.3243243243243243,1
TypedScopeCreator,8,17,1,1,18,3,0,1,1,18.5,12,1.9705882352941175,1
DeferredSetType,1,2,2,0,1,0,0,0,1,7.0,10,5.5,0
DiscoverEnumsAndTypedefs,2,1,7,0,0,1,0,0,0,0.0,0,0.0,0
AbstractScopeBuilder,32,7,10,1,3,5,0,1,0,0.0,0,0.0,0
CollectProperties,2,1,15,0,1,2,0,0,1,11.5,10,3.75,0
StubDeclaration,0,3,0,0,0,0,0,0,1,0.0,11,1.75,0
GlobalScopeBuilder,3,0,13,0,2,4,0,0,1,15.0,9,3.75,0
LocalScopeBuilder,4,0,20,0,1,2,0,0,1,11.5,9,2.8,0
FirstOrderFunctionAnalyzer,3,2,36,1,0,4,0,0,1,7.333333333333333,9,3.6666666666666665,0
RenameVars,10,21,10,1,8,5,0,1,1,16.0,10,0.5588235294117647,1
Assignment,1,4,1,0,2,0,0,0,0,0.0,0,0.0,0
ProcessVars,4,1,2,1,1,8,0,0,1,8.0,16,22.33333333333333,0
ProcessTweaks,6,13,3,1,1,2,0,1,1,23.5,20,4.076923076923077,0
CollectTweaksResult,0,2,0,0,0,0,0,0,0,0.0,0,0.0,0
CollectTweaks,1,2,39,0,0,6,0,0,1,5.0,9,2.333333333333333,0
TweakFunctionCall,1,4,2,0,0,0,0,1,1,9.0,11,1.4285714285714286,0
TweakInfo,8,4,3,0,2,2,0,1,1,17.75,11,0.4615384615384615,0
FunctionInjector,18,9,3,0,2,4,0,1,1,20.666666666666668,10,0.8125,1
Reference,0,3,0,0,0,0,0,0,1,0.0,9,2.75,0
ControlFlowGraph,6,2,10,0,1,1,0,1,1,18.166666666666668,11,1.181818181818182,0
AbstractCfgNodeTraversalCallback,1,0,2,1,0,1,0,1,1,14.0,16,53.0,0
ExpandJqueryAliases,10,9,5,1,3,5,0,1,1,21.7,17,1.9523809523809523,0
FindCallbackArgumentReferences,4,5,1,1,0,2,0,1,1,8.5,12,1.6,0
ProcessClosurePrimitives,21,23,1,1,3,3,0,1,1,20.19047619047619,15,0.4680851063829787,1
ProvidedName,13,8,4,0,4,2,0,1,1,16.923076923076923,11,0.5454545454545454,0
UnrecognizedRequire,0,3,0,0,0,0,0,0,1,0.0,21,2.0,0
CheckGlobalThis,4,3,7,1,0,2,0,1,1,13.75,15,17.5,1
WarningsGuard,4,0,0,1,0,0,0,1,1,7.75,15,25.2,0
FlowSensitiveInlineVariables,6,7,6,1,9,3,0,1,1,9.0,25,5.8125,1
GatherCandiates,1,0,19,0,1,1,0,0,1,5.0,25,45.0,0
Candidate,5,6,6,0,2,12,0,1,1,14.0,10,1.0,0
NameAnonymousFunctions,1,5,3,1,2,0,0,0,1,7.0,10,5.0,0
AnonymousFunctionNamer,4,1,1,1,4,0,0,1,1,16.0,9,7.333333333333333,0
SimpleRegion,3,3,1,1,0,0,0,1,1,19.0,6,0.2857142857142857,0
CheckGlobalNames,9,9,11,1,4,6,0,1,1,18.22222222222222,10,0.7368421052631579,0
InvocationsCallback,2,0,0,0,1,3,0,0,1,5.0,11,12.5,0
AbstractMessageFormatter,5,3,2,1,1,1,0,1,1,12.4,21,1.5,0
ExtractPrototypeMemberDeclarations,4,3,11,1,2,2,0,0,1,16.75,26,19.58333333333333,0
GatherExtractionInfo,2,2,0,0,0,2,0,1,1,9.0,10,2.5,0
ExtractionInstance,1,3,0,0,0,0,0,1,0,0.0,0,0.0,0
PrototypeMemberDeclaration,2,4,3,0,0,1,0,1,1,14.5,11,1.8571428571428568,0
Result,0,13,0,0,0,0,0,0,1,0.0,11,0.1333333333333333,0
CodeGenerator,32,8,9,0,3,3,1,1,1,15.0625,13,0.3023255813953488,1
ReplaceStrings,17,12,1,1,5,1,0,1,1,15.411764705882351,10,1.7575757575757576,0
Config,0,3,0,0,0,0,0,0,1,0.0,10,2.75,0
Result,1,3,4,0,1,0,0,0,1,11.0,11,1.0,0
Location,0,3,0,0,0,0,0,0,1,0.0,11,2.0,0
ShowByPathWarningsGuard,2,2,1,0,0,0,0,1,1,8.0,10,1.8888888888888888,0
CollapseProperties,22,8,2,1,3,4,0,1,1,26.227272727272727,13,8.03225806451613,1
FunctionArgumentInjector,11,1,5,0,2,3,0,1,1,21.727272727272727,11,1.9285714285714288,0
ReferencedAfterSideEffect,6,5,3,1,0,3,0,1,1,9.666666666666666,11,11.75,0
TypeInference,49,9,1,0,3,4,0,1,1,18.897959183673468,9,0.2622950819672131,1
TemplateTypeReplacer,1,3,3,0,1,0,0,1,0,0.0,0,0.0,0
BooleanOutcomePair,2,5,1,0,0,1,0,1,1,18.5,17,4.5,0
RemoveUnusedPrototypeProperties,4,5,4,1,2,2,0,0,1,20.0,10,0.5,0
RecordFunctionInformation,4,4,8,1,1,2,0,1,1,9.5,11,0.6666666666666666,0
LightweightMessageFormatter,4,2,22,0,4,2,0,1,1,10.75,11,1.7,1
LineNumberingFormatter,2,0,26,1,0,3,0,1,1,11.0,12,13.5,0
RemoveUnusedNames,2,3,8,1,2,1,0,0,1,14.5,7,0.5,0
CodingConventions,1,0,1,0,0,0,0,1,1,10.0,11,1.75,0
Proxy,33,1,2,1,1,0,0,1,1,21.151515151515152,23,1.6,0
DefaultCodingConvention,34,1,1,1,1,3,0,1,1,20.764705882352946,10,0.3714285714285714,0
GlobalVarReferenceMap,7,2,8,1,4,2,0,1,1,21.428571428571427,27,4.833333333333333,0
SourceRefRange,2,3,2,0,0,0,0,1,0,0.0,0,0.0,0
GlobalVarRefCleanupPass,2,1,1,1,0,1,0,0,1,10.0,14,7.5,0
InlineObjectLiterals,1,3,2,1,1,0,0,0,1,7.0,27,6.0,1
InliningBehavior,9,1,43,1,3,4,0,1,1,18.666666666666668,11,2.4,0
FunctionToBlockMutator,14,2,15,0,4,3,0,1,1,21.142857142857142,9,1.2222222222222223,1
LabelNameSupplier,1,1,2,1,0,0,0,1,0,0.0,0,0.0,0
Normalize,5,5,1,1,4,3,0,1,1,21.0,16,9.055555555555555,1
FindExposeAnnotations,2,1,2,0,0,1,0,1,1,9.5,11,1.6666666666666667,0
RewriteExposedProperties,1,1,16,0,0,1,0,0,1,5.0,10,2.0,0
PropagateConstantAnnotationsOverVars,2,2,16,1,1,1,0,0,1,6.0,11,1.4,0
VerifyConstants,2,3,20,1,3,1,0,0,1,6.0,12,2.0,0
NormalizeStatements,12,2,2,1,4,4,0,1,1,18.916666666666668,12,3.533333333333333,0
DuplicateDeclarationHandler,2,1,16,1,1,2,0,0,1,19.5,12,1.3333333333333333,0
ScopeTicklingCallback,4,0,1,1,1,0,0,1,1,9.5,7,2.25,0
JSError,16,8,5,0,5,8,0,1,1,8.0,11,0.1153846153846153,0
AliasKeywords,9,11,6,1,5,2,0,1,1,17.77777777777778,10,2.1153846153846154,0
FindAliasableNodes,3,0,3,0,1,1,0,0,1,12.0,8,3.0,0
AliasSpecification,8,4,0,0,1,1,0,1,1,16.75,18,2.3846153846153846,0
ThrowAliasSpecification,3,0,0,0,2,0,0,1,1,20.0,10,1.75,0
KeywordAliasSpecification,3,0,8,0,3,0,0,1,1,20.0,8,2.25,0
VoidKeywordAliasSpecification,4,0,9,0,3,1,0,1,1,16.25,8,1.8,0
NodeUtil,156,13,12,0,2,5,1,1,1,16.80128205128205,9,0.0333333333333333,1
NumbericResultPredicate,1,0,2,1,0,0,0,1,0,0.0,0,0.0,0
BooleanResultPredicate,1,0,2,1,0,0,0,1,0,0.0,0,0.0,0
MayBeStringResultPredicate,1,0,2,1,0,0,0,1,0,0.0,0,0.0,0
VarCollector,1,1,7,1,0,1,0,0,0,0.0,0,0.0,0
MatchNameNode,1,1,4,1,0,0,0,1,1,5.0,9,3.333333333333333,0
MatchNodeType,1,1,2,1,0,0,0,1,1,5.0,9,3.0,0
MatchDeclaration,1,0,3,1,0,0,0,1,1,5.0,12,8.0,0
MatchNotFunction,1,0,2,1,0,0,0,1,1,5.0,9,8.0,0
MatchShallowStatement,1,0,6,1,0,0,0,1,1,5.0,10,10.0,0
SourceMap,8,3,1,0,2,4,0,1,1,12.75,13,1.4,1
LocationMapping,0,2,0,0,0,0,0,0,0,0.0,0,0.0,0
InlineProperties,5,4,3,1,2,2,0,1,1,15.4,16,5.769230769230769,0
PropertyInfo,0,2,0,0,0,0,0,0,0,0.0,0,0.0,0
GatherCandidates,6,0,3,0,1,2,0,1,0,0.0,0,0.0,0
ReplaceCandidates,2,0,5,0,1,1,0,1,0,0.0,0,0.0,0
CompilerOptions,209,167,1,1,4,1,0,1,1,21.406698564593302,10,0.0207792207792207,1
NullAliasTransformationHandler,1,2,2,1,1,0,0,1,0,0.0,0,0.0,0
NullAliasTransformation,1,1,1,1,0,0,0,0,0,0.0,0,0.0,0
ReorderConstantExpression,1,0,17,0,0,1,0,1,1,15.0,12,31.0,0
GoogleJsMessageIdGenerator,1,1,8,1,1,1,0,1,1,10.0,11,18.4,0
FP,3,0,0,0,28,2,0,1,1,9.333333333333334,11,2.5,0
MessageId,1,0,3,0,0,1,0,1,1,10.0,14,49.0,0
GenerateExports,3,4,4,1,1,1,0,1,1,10.0,14,1.125,0
GoogleCodingConvention,7,4,3,0,0,2,0,1,1,13.285714285714286,12,1.1538461538461535,0
AliasExternals,16,15,0,1,4,5,0,1,1,15.6875,22,7.631578947368421,0
GetAliasableNames,1,1,12,0,0,1,0,0,1,5.0,9,2.333333333333333,0
PropertyGatherer,3,0,5,0,0,1,0,1,1,15.666666666666666,11,6.0,0
GetGlobals,2,0,7,0,0,1,0,0,1,9.0,9,3.5,0
GlobalGatherer,1,0,20,0,0,1,0,0,1,5.0,11,17.0,0
Symbol,2,9,3,0,1,1,0,0,1,13.5,11,0.5833333333333334,0
CheckSuspiciousCode,5,2,5,0,2,1,0,0,1,12.2,10,4.0,0
PeepholeRemoveDeadCode,28,0,5,0,5,6,0,1,1,16.75,12,0.8571428571428571,0
InstrumentFunctions,1,10,19,1,2,3,0,0,1,7.0,15,11.8,0
RemoveCallback,1,1,8,0,0,1,0,0,1,5.0,12,14.666666666666666,0
InstrumentReturns,5,1,7,1,2,2,0,1,1,13.0,22,9.571428571428571,0
InstrumentCallback,1,0,33,0,0,5,0,0,0,0.0,0,0.0,0
MakeDeclaredNamesUnique,7,3,12,1,1,2,0,1,1,14.285714285714286,12,1.8333333333333333,1
ContextualRenameInverter,12,4,4,1,2,3,0,1,1,13.416666666666666,17,0.4705882352941176,0
ContextualRenamer,7,4,1,1,1,1,0,1,1,15.428571428571429,17,4.461538461538462,0
InlineRenamer,5,4,1,1,1,2,0,1,1,15.8,16,3.1,0
BoilerplateRenamer,1,2,1,0,0,0,0,1,1,13.0,13,3.5,0
WhitelistedRenamer,4,2,2,1,0,1,0,1,1,16.5,9,1.4285714285714286,0
ReplaceIdGenerators,6,10,6,1,1,1,1,1,1,17.666666666666668,10,0.625,0
ObfuscatedNameSuppier,2,3,1,1,0,1,0,1,0,0.0,0,0.0,0
PseudoNameSuppier,2,2,1,1,0,1,0,1,0,0.0,0,0.0,0
StableNameSupplier,2,0,1,1,0,0,0,1,0,0.0,0,0.0,0
GatherGenerators,1,0,32,0,1,4,0,0,0,0.0,0,0.0,0
ReplaceGenerators,1,0,31,0,3,6,0,0,0,0.0,0,0.0,0
CommandLineRunner,10,3,4,0,4,6,1,1,1,15.1,44,7.352941176470588,1
Flags,1,54,5,0,2,0,0,1,0,0.0,0,0.0,0
BooleanOptionHandler,2,2,1,0,0,1,1,1,0,0.0,0,0.0,0
WarningGuardErrorOptionHandler,0,0,0,0,0,0,0,0,0,0.0,0,0.0,0
WarningGuardWarningOptionHandler,0,0,0,0,0,0,0,0,0,0.0,0,0.0,0
WarningGuardOffOptionHandler,0,0,0,0,0,0,0,0,0,0.0,0,0.0,0
WarningGuardSetter,3,2,3,1,2,0,0,1,0,0.0,0,0.0,0
ExternExportsPass,6,10,10,1,6,3,0,1,1,14.333333333333334,11,0.65,0
Export,11,2,8,0,2,4,0,1,0,0.0,0,0.0,0
SymbolExport,1,0,0,0,0,0,0,1,1,15.0,6,1.5,0
PropertyExport,1,1,12,0,0,1,0,1,1,15.0,8,1.0,0
SyntacticScopeCreator,6,7,2,1,4,3,0,1,1,15.666666666666666,14,1.8235294117647056,1
DefaultRedeclarationHandler,1,0,17,1,0,1,0,0,1,15.0,12,6.0,0
ExploitAssigns,6,0,9,0,1,2,0,1,1,16.833333333333332,11,2.833333333333333,1
ClosureCodingConvention,24,4,1,0,3,4,0,1,1,21.125,11,0.2580645161290322,1
AssertInstanceofSpec,1,0,9,0,0,1,0,1,1,15.0,10,9.0,0
DependencyOptions,9,5,0,1,2,0,0,1,1,18.22222222222222,16,5.142857142857143,0
TypeValidator,33,17,1,0,3,3,0,1,1,17.424242424242426,19,1.0384615384615383,1
TypeMismatch,3,3,1,0,0,1,0,1,1,7.333333333333333,15,4.428571428571429,0
SimpleDefinitionFinder,13,4,16,1,3,3,0,1,1,17.846153846153847,18,2.85,0
DefinitionGatheringCallback,2,1,2,0,0,3,0,1,0,0.0,0,0.0,0
UseSiteGatheringCallback,1,0,10,0,2,1,0,0,0,0.0,0,0.0,0
JsAst,6,6,15,1,2,1,1,1,1,9.833333333333334,10,0.6153846153846154,1
RenameProperties,5,14,4,1,9,5,0,1,1,14.6,16,3.423076923076923,0
ProcessExterns,1,0,11,0,0,1,0,0,1,5.0,9,8.0,0
ProcessProperties,6,1,10,1,1,2,0,0,1,14.0,10,2.142857142857143,0
Property,0,4,0,0,0,0,0,0,1,0.0,12,1.6,0
PropertyAffinity,1,1,0,0,1,0,0,0,0,0.0,0,0.0,0
Warning,4,2,1,0,1,0,0,1,1,8.0,14,1.3333333333333333,0
AntErrorManager,2,2,7,0,1,1,0,0,1,9.5,14,2.8,0
CompileTask,35,20,2,0,8,3,1,1,1,15.114285714285714,17,0.5714285714285714,0
SecureCompiler,7,7,8,0,13,3,0,1,1,12.857142857142858,15,6.4375,0
Report,3,3,1,0,0,0,0,1,0,0.0,0,0.0,0
Writer,40,0,3,0,6,4,0,0,1,13.625,8,0.3,0
Validator,50,7,9,0,3,2,0,1,1,16.9,13,1.2241379310344829,0
JsonMLAst,9,6,1,1,2,2,1,1,1,12.11111111111111,15,2.0588235294117645,0
WalkHelper,0,2,0,0,0,0,0,0,0,0.0,0,0.0,0
Reader,77,7,1,0,8,3,0,1,1,17.5974025974026,9,0.1494252873563218,0
ErrorReporter,4,1,1,0,1,1,0,0,1,6.0,11,2.1666666666666665,0
JsonMLUtil,5,0,1,0,0,2,0,1,1,11.0,10,2.1666666666666665,0
JsonMLComparator,6,5,5,0,2,4,0,1,1,12.5,8,0.75,0
JsonML,22,3,5,0,4,2,1,1,1,11.272727272727272,15,0.8333333333333334,0
JsonMLException,0,1,0,0,0,0,0,0,1,0.0,10,5.0,0
NodeUtil,4,0,6,0,1,1,0,1,1,16.75,10,4.25,1
JsonMLError,2,5,4,0,0,0,0,1,1,4.0,10,1.7777777777777777,0
LinkedDirectedGraph,35,3,6,1,2,2,0,1,1,15.771428571428572,14,1.2093023255813953,0
LinkedDirectedGraphNode,10,3,0,1,0,0,0,1,1,10.0,8,1.2,0
NeighborIterator,3,2,1,1,0,0,0,1,0,0.0,0,0.0,0
AnnotatedLinkedDirectedGraphNode,2,1,1,0,1,0,0,1,1,13.0,11,1.5,0
LinkedDirectedGraphEdge,14,3,1,1,1,0,0,1,1,10.0,11,0.7777777777777778,0
AnnotatedLinkedDirectedGraphEdge,2,1,1,0,1,0,0,1,1,13.0,11,3.5,0
DiGraph,15,0,3,0,0,0,0,1,1,18.2,8,1.2941176470588236,0
GraphReachability,3,3,7,1,3,1,0,1,1,9.333333333333334,13,3.555555555555556,0
EdgeTuple,0,3,0,0,0,0,0,0,1,0.0,11,1.75,0
FixedPointGraphTraversal,4,2,20,0,2,2,0,1,1,15.75,12,6.0,0
Graph,24,2,2,1,2,1,0,1,1,13.625,13,7.366666666666666,0
AnnotationState,0,2,0,0,0,0,0,0,1,0.0,11,5.333333333333333,0
GraphAnnotationState,0,1,0,0,0,0,0,0,1,0.0,15,7.5,0
SimpleSubGraph,2,2,3,1,1,1,0,1,1,11.0,14,3.0,0
GraphPruner,2,1,11,0,0,2,0,1,1,7.5,10,22.25,0
LinkedUndirectedGraph,27,3,4,1,2,3,0,1,1,14.407407407407408,11,0.8571428571428571,0
LinkedUndirectedGraphNode,9,2,1,1,0,0,0,1,1,12.333333333333334,10,1.3846153846153846,0
NeighborIterator,3,1,1,1,0,1,0,1,0,0.0,0,0.0,0
AnnotatedLinkedUndirectedGraphNode,2,1,1,0,1,0,0,1,1,13.0,11,1.5,0
LinkedUndirectedGraphEdge,10,3,3,1,0,0,0,1,1,9.4,10,0.7857142857142857,0
AnnotatedLinkedUndirectedGraphEdge,2,1,1,0,1,0,0,1,1,13.0,10,1.25,0
UndiGraph,4,0,0,0,0,0,0,0,1,23.25,10,3.6666666666666665,0
StandardUnionFind,9,2,14,1,2,3,0,1,1,9.88888888888889,14,2.7857142857142856,0
Node,0,4,0,0,0,0,0,0,1,0.0,14,0.8,1
GraphColoring,3,2,1,0,1,1,0,1,1,11.333333333333334,21,17.0,0
Color,2,1,1,1,0,1,0,1,0,0.0,0,0.0,0
GreedyGraphColoring,1,1,23,0,3,1,0,1,1,5.0,8,2.0,0
CharRanges,18,3,2,0,3,5,0,1,1,8.61111111111111,10,1.7272727272727273,0
RegExpTree,16,12,21,0,4,4,0,1,1,12.8125,11,0.2926829268292683,0
Parser,9,3,10,0,3,3,0,1,1,12.666666666666666,9,0.9166666666666666,0
RegExpTreeAtom,4,0,2,0,0,0,0,1,0,0.0,0,0.0,0
Empty,5,1,1,0,0,0,0,1,0,0.0,0,0.0,0
Anchor,6,1,1,0,1,0,0,1,0,0.0,0,0.0,0
WordBoundary,5,1,1,0,1,0,0,1,0,0.0,0,0.0,0
BackReference,5,1,1,0,1,0,0,1,0,0.0,0,0.0,0
Text,7,1,2,0,1,2,0,1,0,0.0,0,0.0,0
Repetition,12,3,2,0,1,4,0,1,0,0.0,0,0.0,0
Alternation,9,1,2,0,0,4,0,1,0,0.0,0,0.0,0
LookaheadAssertion,9,2,2,0,3,1,0,1,0,0.0,0,0.0,0
CapturingGroup,9,1,2,0,3,0,0,1,0,0.0,0,0.0,0
Charset,10,2,2,0,1,4,0,1,0,0.0,0,0.0,0
DecomposedCharset,6,3,3,0,3,4,0,1,0,0.0,0,0.0,0
Concatenation,9,1,2,0,0,2,0,1,0,0.0,0,0.0,0
Simplifier,2,1,3,0,0,4,0,1,0,0.0,0,0.0,0
CaseCanonicalize,4,4,12,0,1,2,0,1,1,16.25,12,15.0,0
DeltaSet,0,2,0,0,0,0,0,0,1,0.0,13,6.666666666666667,0
TestErrorReporter,5,4,1,1,0,1,0,1,1,14.4,25,3.5,0
SimpleSourceExcerptProvider,2,1,2,1,0,0,0,1,1,14.0,10,3.25,0
Protocol,2,3,3,0,0,1,0,1,1,18.5,10,0.5,0
AbstractWebServiceException,3,0,5,0,0,0,0,1,1,12.333333333333334,10,5.0,0
ClosureReverseAbstractInterpreter,2,5,3,0,1,1,0,1,1,28.0,11,1.5555555555555556,1
TypeRestriction,0,2,0,0,0,0,0,0,0,0.0,0,0.0,0
SemanticReverseAbstractInterpreter,11,5,10,0,2,4,0,1,1,18.545454545454547,12,1.4736842105263157,1
RestrictByTrueInstanceOfResultVisitor,6,1,5,0,0,2,0,1,1,15.166666666666666,34,0.375,0
RestrictByFalseInstanceOfResultVisitor,3,1,2,0,0,2,0,1,1,14.333333333333334,34,0.6,0
ChainableReverseAbstractInterpreter,11,6,10,1,3,1,0,1,1,22.363636363636363,13,0.3181818181818182,1
RestrictByTypeOfResultVisitor,8,0,2,1,0,1,0,1,1,14.5,10,2.25,0
RestrictByTrueTypeOfResultVisitor,8,0,1,0,0,0,0,1,1,14.125,11,4.75,0
RestrictByFalseTypeOfResultVisitor,9,0,2,0,0,0,0,1,1,13.77777777777778,11,4.222222222222222,0
RestrictByOneTypeOfResultVisitor,10,2,3,0,0,1,0,1,1,14.2,35,0.2307692307692307,0
JsFileParser,5,8,18,0,6,1,0,1,1,11.2,11,1.5714285714285714,0
DepsGenerator,19,12,2,0,4,2,0,1,1,18.94736842105263,13,0.7272727272727273,0
JsFileLineParser,6,9,18,0,3,2,1,1,1,12.833333333333334,10,1.7058823529411764,0
ParseException,1,2,1,0,0,0,0,1,1,7.0,7,2.75,0
JsFunctionParser,4,5,8,0,3,2,0,1,1,9.75,11,2.1818181818181817,0
SymbolInfo,0,2,0,0,0,0,0,0,0,0.0,0,0.0,0
PathUtil,6,2,20,0,2,3,0,1,1,13.5,12,2.6666666666666665,0
SimpleDependencyInfo,6,4,2,1,0,1,0,1,1,11.833333333333334,11,1.6363636363636365,0
DepsFileParser,4,5,17,0,3,1,0,1,1,10.5,11,2.636363636363636,0
SortedDependencies,11,4,27,0,1,4,0,1,1,17.727272727272727,12,2.4444444444444446,0
CircularDependencyException,0,0,0,0,0,0,0,0,0,0.0,0,0.0,0
MissingProvideException,0,0,0,0,0,0,0,0,0,0.0,0,0.0,0
JsDocInfoParser,58,15,2,0,5,5,0,1,1,18.29310344827586,8,0.0632911392405063,1
ErrorReporterParser,4,0,3,0,1,0,0,0,0,0.0,0,0.0,0
ExtractionInfo,0,2,0,0,0,0,0,0,1,0.0,9,7.0,0
ExtendedTypeInfo,0,3,0,0,0,0,0,0,1,0.0,9,1.25,0
ParserRunner,7,4,20,0,10,1,1,1,0,0.0,0,0.0,0
ParseResult,0,2,0,0,0,0,0,0,1,0.0,8,2.6666666666666665,0
JsDocTokenStream,20,19,0,0,2,2,0,1,1,11.35,11,0.3809523809523809,0
TypeSafeDispatcher,44,0,57,0,0,1,0,1,1,19.204545454545453,18,1.1590909090909092,0
IRFactory,29,19,2,0,3,2,0,1,1,15.586206896551724,10,0.18,1
TransformDispatcher,56,0,2,0,5,5,0,1,0,0.0,0,0.0,0
Config,1,6,5,0,1,1,0,1,1,20.0,13,2.6666666666666665,0
NullErrorReporter,4,0,1,0,0,0,0,1,1,8.5,8,1.5714285714285714,0
NewRhinoNullReporter,3,0,1,1,1,0,0,1,0,0.0,0,0.0,0
OldRhinoNullReporter,0,0,0,1,0,0,0,0,0,0.0,0,0.0,0
ScriptRuntime,10,2,5,0,0,5,1,1,1,14.2,10,0.6923076923076923,0
Node,189,22,2,1,9,4,1,1,1,11.91005291005291,14,0.0384615384615384,1
NumberNode,3,2,1,0,1,1,0,1,0,0.0,0,0.0,0
StringNode,5,2,2,0,1,1,0,1,0,0.0,0,0.0,0
AbstractPropListItem,3,3,1,1,0,0,0,1,0,0.0,0,0.0,0
ObjectPropListItem,4,2,2,0,0,0,0,1,0,0.0,0,0.0,0
IntPropListItem,4,2,2,0,0,0,0,1,0,0.0,0,0.0,0
SiblingNodeIterable,4,3,1,1,0,1,0,1,1,6.25,8,0.375,0
AncestorIterable,1,1,3,1,0,0,0,1,1,8.0,8,2.333333333333333,0
FileLevelJsDocBuilder,1,0,5,0,2,2,0,0,1,6.0,15,57.0,0
SideEffectFlags,11,1,0,0,3,0,0,1,1,14.090909090909092,8,1.2142857142857142,0
NodeMismatch,2,2,2,0,0,1,0,1,0,0.0,0,0.0,0
SourcePosition,7,5,1,0,4,1,0,1,1,14.285714285714286,10,1.6666666666666667,0
SimpleErrorReporter,5,2,6,1,2,3,0,1,1,9.4,13,2.7142857142857144,0
JSTypeExpression,7,3,1,1,1,1,0,1,1,9.428571428571429,10,2.1818181818181817,0
TokenStream,2,0,6,0,0,2,0,1,1,11.5,10,11.5,1
JSDocInfo,133,39,1,1,2,3,0,1,1,13.827067669172932,17,0.4065934065934066,0
LazilyInitializedInfo,0,14,0,1,0,0,0,0,0,0.0,0,0.0,0
LazilyInitializedDocumentation,0,10,0,0,0,0,0,0,0,0.0,0,0.0,0
StringPosition,0,0,0,0,0,0,0,0,1,0.0,11,0.0,0
TrimmedStringPosition,1,0,5,0,2,0,0,0,1,7.0,11,22.0,0
NamePosition,0,0,0,0,0,0,0,0,1,0.0,11,0.0,0
TypePosition,2,1,0,0,1,0,0,1,1,12.5,11,6.0,0
Marker,10,5,0,0,1,0,0,1,1,10.4,13,4.733333333333333,0
JSDocInfoBuilder,68,4,2,0,2,1,0,1,1,16.691176470588236,15,0.5616438356164384,1
Token,1,2,2,0,0,1,0,0,1,4.0,10,7.666666666666667,0
IR,75,0,1,0,4,1,0,1,1,7.693333333333333,12,0.1447368421052631,1
InputId,4,2,2,1,0,3,0,1,1,7.75,13,1.8571428571428568,0
AbstractStaticScope,5,0,1,1,0,0,0,1,1,11.0,10,2.8,0
BaseJSTypeTestCase,18,56,1,0,103,0,0,1,0,0.0,0,0.0,0
MapBasedScope,2,1,2,0,0,0,0,1,1,8.5,10,3.25,0
TestErrorReporter,7,4,1,1,2,1,0,1,1,14.285714285714286,25,2.9166666666666665,0
Asserts,9,0,41,0,20,1,0,1,1,19.88888888888889,10,1.6,0
NoType,11,1,0,0,0,0,0,1,1,13.909090909090908,12,7.6923076923076925,0
PrototypeObjectType,29,8,8,0,2,5,0,1,1,17.517241379310345,14,2.6923076923076925,1
VoidType,10,1,2,0,0,2,0,1,1,17.4,9,0.8333333333333334,0
FunctionParamBuilder,9,2,3,0,2,2,0,1,1,15.444444444444445,12,1.25,0
NumberType,11,1,2,0,0,2,0,1,1,15.818181818181818,6,0.1538461538461538,0
PropertyMap,14,5,1,1,1,3,0,1,1,14.357142857142858,14,0.7142857142857143,0
RecordTypeBuilder,3,4,3,0,2,1,0,1,1,10.0,7,0.5555555555555556,1
RecordProperty,2,2,1,0,0,0,0,1,0,0.0,0,0.0,0
RecordType,8,3,7,0,0,3,0,1,1,16.5,11,7.846153846153846,1
Property,12,6,1,1,1,0,0,1,1,10.166666666666666,10,0.631578947368421,0
ErrorFunctionType,0,1,0,0,0,0,0,0,1,0.0,12,4.0,0
NullType,11,1,2,0,0,3,0,1,1,16.727272727272727,4,0.1538461538461538,0
JSType,118,15,1,1,3,9,0,1,1,15.516949152542374,11,0.7720588235294118,1
TypePair,0,2,0,0,0,0,0,0,0,0.0,0,0.0,0
ProxyObjectType,56,3,2,0,1,1,0,1,1,15.428571428571429,17,0.2333333333333333,0
ModificationVisitor,18,1,1,1,0,6,0,1,1,14.833333333333334,14,0.65,0
JSTypeRegistry,84,18,2,1,69,2,0,1,1,20.297619047619047,8,0.1523809523809524,1
UnknownType,20,2,0,0,0,0,0,1,1,14.85,7,0.1739130434782608,0
SimpleSlot,5,4,1,1,0,0,0,1,1,10.8,14,1.2,0
AllType,12,1,0,0,0,0,0,1,1,14.166666666666666,12,0.3571428571428571,0
StringType,10,1,2,0,0,2,0,1,1,16.4,6,0.1666666666666666,0
FunctionType,70,10,5,0,5,6,0,1,1,16.857142857142858,15,0.6071428571428571,1
CanCastToVisitor,15,0,3,1,0,2,0,1,1,14.8,12,0.4,0
IndexedType,1,2,1,0,0,0,0,1,1,12.0,8,5.5,0
UnresolvedTypeExpression,1,3,1,0,0,0,0,1,1,15.0,14,14.8,0
ValueType,3,0,1,0,0,0,0,1,1,11.333333333333334,7,1.75,0
InstanceObjectType,18,2,3,0,0,1,0,1,1,15.833333333333334,11,0.5,0
TemplateType,6,2,1,0,0,0,0,1,0,0.0,0,0.0,0
EnumType,17,4,1,0,1,1,0,1,1,13.764705882352942,15,1.0,0
SimpleSourceFile,6,2,1,1,0,1,0,1,1,11.333333333333334,16,1.5555555555555556,0
UnionType,38,3,2,0,3,3,0,1,1,15.578947368421051,14,2.1904761904761907,1
UnionTypeBuilder,5,10,1,1,2,3,0,1,1,15.6,10,0.6470588235294118,0
ObjectType,55,3,2,1,2,2,0,1,1,16.745454545454546,10,2.316666666666667,1
SimpleReference,4,2,4,1,0,0,0,1,1,9.25,10,1.4285714285714286,0
FunctionBuilder,14,10,1,0,8,0,0,1,1,13.928571428571429,19,1.04,1
BooleanType,11,1,2,0,0,2,0,1,1,15.909090909090908,7,0.1538461538461538,0
NamedType,20,7,2,0,4,5,0,1,1,16.65,14,8.96551724137931,1
PropertyContinuation,1,4,1,0,1,0,0,0,1,6.0,11,1.8333333333333333,0
NoResolvedType,4,1,0,0,0,1,0,1,1,11.75,14,14.166666666666666,0
ParameterizedType,11,2,14,0,2,2,0,1,1,15.909090909090908,13,2.2857142857142856,0
EnumElementType,25,4,2,0,2,1,0,1,1,13.44,10,0.4,0
NoObjectType,17,1,0,0,0,1,0,1,1,14.529411764705882,12,5.052631578947368,0
ArrowType,15,4,4,0,1,4,0,1,1,17.0,12,2.0476190476190474,1
